Eco_sec,Bgc_zone,Bgc_subzon,Bgc_vrt,Bgc_phase,Beumc,Slope_mod,Site_m3a,Snow_code,Above_Elev_Thold,Crown_Bear,Strct_d,Stand_d,Forested,Hectares,MURAR_PEFD_6C
NEU,ESSF,mc,,,EF,,,,N,,2,,Y,2.0714E+14,5
BUB,SBS,dk,,,SL,,,,N,,2,,Y,7.18505E+14,5
BUB,SBS,dk,,,DF,,,,N,,2,,Y,2.28693E+13,5
BUB,SBS,dk,,,UR,,,,N,,,,N,3.75007E+11,6
BUB,SBS,dk,,,WR,,,,N,,2,,Y,1.3457E+12,2
BAU,SBS,mc,2,,SF,,,,N,,2,,Y,1.85134E+14,4
NEU,SBS,dk,,,SL,,,,N,,2,,Y,2.05165E+13,5
NEU,SBS,dk,,,LL,,,,N,,,,N,1.4623E+12,6
BUB,SBS,mc,2,,SL,,,,N,,2,,Y,1.57477E+14,4
BUB,ESSF,mc,,,EF,,,,N,,2,,Y,1.28249E+13,5
BUB,SBS,dk,,,LL,,,,N,,,,N,4.26502E+12,6
NEU,SBS,mc,2,,SL,,,,N,,2,,Y,1.42062E+14,4
BUB,SBS,mc,2,,SF,,,,N,,2,,Y,3.60634E+13,4
BUB,SBS,dk,,,BB,,,,N,,2,,N,2.0945E+12,3
BUB,SBS,mc,2,,DF,,,,N,,2,,Y,1.32937E+13,5
BUB,SBS,dk,,,SF,,,,N,,2,,Y,7.36457E+11,4
BUB,SBS,dw,3,,SL,,,,N,,2,,Y,1.22166E+13,5
BUB,SBS,dk,,,GP,,,,N,,1,,N,2.46587E+11,6
BAU,SBS,mc,2,,SL,,,,N,,2,,Y,4.91966E+13,4
BAU,ESSF,mv,1,,EF,,,,N,,2,,Y,1.20161E+13,5
BAU,SBS,dk,,,SL,,,,N,,2,,Y,2.78688E+13,5
BAU,SBS,dw,3,,SL,,,,N,,2,,Y,1.5433E+12,5
BAU,SBS,wk,3,,SF,,,,N,,2,,Y,7.54485E+12,4
BAU,ESSF,mv,3,,EF,,,,N,,2,,Y,1.4683E+13,5
NAU,SBPS,mc,,,SL,,,,N,,2,,Y,1.02805E+12,5
BUB,SBS,dk,,,WR,,a,,N,,2,,Y,2.00778E+12,1
BUB,SBS,dk,,,CF,,,,N,,2b,,N,3.36032E+12,4
BUB,SBS,dk,,,UV,,,,N,,1,,N,4.20361E+11,5
BUB,SBS,dk,,,LS,,,,N,,,,N,5.50251E+12,6
BUB,SBS,dk,,,OW,,,,N,,,,N,2.43075E+12,5
BUB,SBS,dk,,,DF,,a,,N,,2,,Y,53174750767,5
BUB,ESSF,mv,1,,EF,,,,N,,2,,Y,8.72381E+11,5
BUB,SBS,dk,,,SL,,,,N,1,7a,,Y,5.20934E+13,5
BUB,SBS,dk,,,SL,,,,N,,7a,,Y,3.78185E+12,5
BAU,SBS,mc,2,,SF,,,,N,1,7a,,Y,1.55109E+13,4
BUB,SBS,mc,2,,SL,,,,N,2,5,C,Y,1.031E+12,4
BUB,SBS,mc,2,,SL,,,,N,1,5,C,Y,9.73556E+12,4
BUB,SBS,dk,,,SL,,,,N,1,5,B,Y,3.93236E+12,5
BUB,SBS,dk,,,SL,,,,N,1,5,M,Y,4.00166E+12,5
BUB,SBS,dk,,,SL,,,,N,1,5,C,Y,2.88154E+13,5
BAU,SBS,mc,2,,SF,,,,N,1,5,C,Y,1.29853E+13,4
BAU,SBS,mc,2,,SL,,,,N,3,5,C,Y,6.90878E+11,5
BAU,SBS,mc,2,,SF,,,,N,2,5,C,Y,5.78088E+12,4
BUB,SBS,mc,2,,SF,,,,N,1,5,C,Y,3.61737E+12,4
BUB,SBS,mc,2,,SF,,,,N,1,5,M,Y,2.01927E+11,4
BUB,SBS,mc,2,,MI,,,,N,,,,N,1.00963E+11,6
BUB,SBS,dw,3,,SL,,,,N,2,5,C,Y,4.00969E+11,5
BUB,SBS,dw,3,,SL,,,,N,2,5,M,Y,1.00963E+11,5
BUB,SBS,dw,3,,SL,,,,N,1,5,C,Y,1.976E+12,5
BUB,SBS,mc,2,,SL,,,,N,1,4,C,Y,1.80007E+13,5
BUB,SBS,dk,,,SL,,,,N,2,4,C,Y,2.29716E+13,5
BUB,SBS,dk,,,SL,,,,N,1,4,C,Y,6.00986E+13,5
BUB,SBS,dk,,,SL,,,,N,1,4,M,Y,6.55674E+12,5
BUB,SBS,dk,,,SL,,,,N,1,4,B,Y,5.481E+12,5
BAU,SBS,mc,2,,SL,,,,N,3,4,M,Y,57693394599,5
BAU,SBS,mc,2,,SF,,,,N,1,4,C,Y,2.37452E+13,4
BAU,SBS,mc,2,,SF,,,,N,1,4,B,Y,5.07702E+11,4
BAU,SBS,wk,3,,SF,,,,N,3,4,C,Y,6.92321E+11,5
BUB,SBS,dk,,,SL,,,,N,3,4,C,Y,1.81981E+13,5
BUB,SBS,dk,,,SL,,,,N,3,4,M,Y,2.02204E+12,5
BUB,SBS,dk,,,SL,,,,N,,4,B,Y,4.93867E+11,5
BUB,SBS,dk,,,SL,,,,N,,4,C,Y,2.35984E+11,5
BUB,SBS,dk,,,SL,,,,N,,4,M,Y,2.61704E+11,5
BUB,SBS,dk,,,SL,,,,N,2,4,M,Y,2.52998E+12,5
BUB,SBS,dk,,,SL,,,,N,2,4,B,Y,2.46635E+12,5
BAU,SBS,mc,2,,BB,,,,N,,3b,,N,3.60584E+11,4
BAU,SBS,mc,2,,SL,,,,N,1,4,C,Y,7.84486E+12,5
NEU,SBS,mc,2,,SL,,,,N,,3c,,Y,1.03513E+13,5
BUB,SBS,dk,,,SL,,,,N,,3c,,Y,1.36698E+14,5
BUB,SBS,dk,,,DF,,,,N,,3c,,Y,2.10307E+12,5
BAU,SBS,mc,2,,SF,,,,N,,3c,,Y,3.45237E+13,4
BUB,SBS,dk,,,WR,,a,,N,,3c,,Y,1.62131E+11,3
BAU,ESSF,mc,,,EF,,,,N,,3b,,Y,3.75728E+12,5
BAU,SBS,wk,3,,SF,,,,N,,3c,,Y,6.49051E+11,4
BAU,ESSF,mv,3,,EF,,,,N,,3b,,Y,72116743249,5
BAU,ESSF,mc,,,EF,,,,N,,2,,Y,3.98373E+13,5
BUB,SBS,dw,3,,SF,,,,N,,2,,Y,1.58657E+11,4
BAU,SBS,dk,,,DF,,,,N,,2,,Y,5.50107E+12,5
BUB,SBS,mc,2,,SF,,,,N,,3c,,Y,1.25033E+13,4
NEU,ESSF,mc,,,EF,,,,N,,3b,,Y,1.29451E+13,5
BUB,SBS,mc,2,,SL,,,,N,1,4,M,Y,7.64498E+11,5
BUB,SBS,mc,2,,SL,,,,N,,3b,,Y,4.7035E+12,4
BUB,SBS,dk,,,SL,,,,N,,3b,,Y,9.74049E+12,5
BUB,SBS,dk,,,WR,,,,N,,3c,,Y,2.98563E+11,3
BUB,SBS,mc,2,,SF,,,,N,1,4,C,Y,3.83661E+12,4
BUB,SBS,dk,,,WR,,,,N,2,4,B,Y,72116531994,3
BUB,SBS,dk,,,WR,,,,N,2,4,M,Y,1.61541E+11,3
BUB,SBS,dk,,,BB,,,,N,,3b,,N,8.60705E+11,4
BUB,SBS,mc,2,,BB,,,,N,,2,,N,5.88398E+11,3
BUB,SBS,mc,2,,SL,,,,N,,3c,,Y,2.77187E+13,5
BUB,SBS,mc,2,,SF,,,,N,,3b,,Y,1.7308E+11,4
BUB,ESSF,mc,,,EF,,,,N,,3b,,Y,3.34342E+12,5
BUB,SBS,mc,2,,SF,,,,N,4,4,C,Y,2.55293E+12,5
BUB,SBS,dk,,,WR,,,,N,2,4,C,Y,77885854554,3
BUB,ESSF,mc,,,EF,,,,N,,3a,,Y,5.33662E+11,5
BUB,SBS,mc,2,,SF,,,,N,2,4,C,Y,3.30294E+12,4
BUB,ESSF,mc,,,EF,,,,N,2,4,C,Y,2.22119E+12,5
BAU,SBS,mc,2,,SF,,,,N,,3b,,Y,2.21831E+12,4
BAU,SBS,mc,2,,SL,,,,N,1,5,C,Y,7.75688E+12,4
BAU,SBS,mc,2,,SL,,,,N,1,5,M,Y,6.05781E+11,4
BAU,SBS,mc,2,,LL,,,,N,,,,N,6.33219E+11,6
BAU,SBS,mc,2,,SL,,,,N,3,5,M,Y,43270045949,5
BAU,SBS,mc,2,,SL,,,,N,,3c,,Y,8.85882E+12,5
BAU,SBS,mc,2,,SL,,,,N,3,4,C,Y,1.06733E+12,5
BAU,SBS,mc,2,,SF,,,,N,1,4,M,Y,9.47614E+11,4
BAU,SBS,mc,2,,WR,,a,,N,1,4,B,Y,14423348650,3
BAU,SBS,mc,2,,WR,,a,,N,1,4,C,Y,86540091899,3
BAU,SBS,mc,2,,SL,,,,N,1,4,M,Y,6.05781E+11,5
BAU,SBS,mc,2,,UV,,,,N,,1,,N,4.61547E+11,5
BAU,ESSF,mc,,,EF,,,,N,1,4,C,Y,6.05781E+11,5
BAU,SBS,mc,2,,SL,,,,N,,3b,,Y,1.08175E+12,4
BAU,SBS,mc,2,,BB,,,,N,,3a,,N,1.2981E+11,4
BAU,SBS,mc,2,,SF,,,,N,3,4,C,Y,1.24517E+13,5
BAU,SBS,mc,2,,SF,,,,N,2,4,C,Y,5.25154E+12,4
BAU,SBS,mc,2,,SL,,,,N,2,4,C,Y,8.07708E+11,5
BAU,SBS,mc,2,,SL,,,,N,2,4,M,Y,28846697300,5
BAU,SBS,mc,2,,LS,,,,N,,,,N,1.48272E+12,6
BAU,SBS,mc,2,,SF,,,,N,1,5,M,Y,6.76455E+11,4
BAU,SBS,mc,2,,SF,,,,N,3,4,M,Y,2.23562E+11,5
BAU,ESSF,mc,,,BG,,,,N,,3a,,N,28846697300,5
BUB,SBS,dk,,,SL,,,,N,3,4,B,Y,6.54262E+11,5
BAU,ESSF,mc,,,EF,,,,N,2,4,C,Y,4.61547E+11,5
BUB,SBS,dw,3,,SL,,,,N,,3b,,Y,1.15387E+11,5
BUB,SBS,dw,3,,SL,,,,N,,3c,,Y,8.94248E+11,5
BUB,SBS,dw,3,,LS,,,,N,,,,N,2.30774E+11,6
BUB,SBS,dk,,,SL,,,,N,3,5,C,Y,1.07116E+13,5
BUB,SBS,dk,,,DF,,,,N,,4,C,Y,5.19931E+11,5
BUB,SBS,dk,,,BB,,,,N,,3a,,N,1.76207E+11,4
BUB,SBS,mc,2,,DF,,,,N,1,4,M,Y,2.6292E+11,5
BUB,SBS,mc,2,,DF,,,,N,1,4,C,Y,2.55534E+12,5
BUB,SBS,mc,2,,SL,,,,N,3,4,C,Y,3.72223E+12,5
BUB,SBS,dk,,,SL,,,,N,3,5,M,Y,1.05881E+12,5
BUB,SBS,dk,,,SL,,,,N,2,5,C,Y,1.14757E+13,5
BUB,SBS,dk,,,SL,,,,N,2,5,M,Y,2.47837E+12,5
BUB,SBS,mc,2,,SL,,,,N,1,5,M,Y,5.16628E+11,4
BUB,SBS,mc,2,,SL,,,,N,1,5,B,Y,2.65873E+11,4
BUB,SBS,mc,2,,LS,,,,N,,,,N,1.60723E+12,6
BUB,SBS,dk,,,SL,,,,N,2,5,B,Y,2.68777E+12,5
BUB,SBS,dk,,,SL,,,,N,3,5,B,Y,6.96837E+11,5
BUB,SBS,mc,2,,OW,,,,N,,,,N,5.59898E+11,5
BUB,SBS,mc,2,,SL,,,,N,2,7a,,Y,6.67022E+12,4
BUB,SBS,mc,2,,SL,,,,N,1,7a,,Y,1.91926E+13,4
BUB,SBS,mc,2,,SL,,,,N,3,4,M,Y,1.77249E+11,5
BUB,SBS,mc,2,,SL,,,,N,1,4,B,Y,2.18606E+11,5
BUB,SBS,mc,2,,SL,,,,N,3,4,B,Y,44312093315,5
BAU,SBS,mc,2,,SF,,,,N,,4,C,Y,4.07459E+12,4
BAU,SBS,mc,2,,SF,,,,N,,4,M,Y,79328269695,4
BUB,SBS,mc,2,,SF,,,,N,4,5,C,Y,4.90392E+11,5
BAU,SBS,dk,,,SL,,,,N,,3c,,Y,4.30681E+12,5
BAU,SBS,mc,2,,SF,,,,N,3,4,B,Y,1.38464E+11,5
BAU,SBS,mc,2,,RE,,,,N,,,,N,28846697300,6
BAU,SBS,dk,,,SL,,,,N,1,4,C,Y,7.06744E+11,5
BAU,SBS,dk,,,SL,,,,N,1,4,M,Y,2.1635E+11,5
BAU,SBS,mc,2,,WL,,,,N,,3a,,N,1.01829E+12,2
BAU,SBS,dk,,,SL,,,,N,1,4,B,Y,69232073519,5
BAU,SBS,mc,2,,SF,,,,N,,5,B,Y,28846697300,4
BAU,SBS,dk,,,LL,,a,,N,,,,N,72116743249,6
BAU,SBS,mc,2,,SL,,,,N,2,5,C,Y,9.00017E+11,4
BAU,SBS,dk,,,SL,,,,N,1,5,M,Y,5.01933E+11,5
BAU,SBS,dk,,,SL,,,,N,1,5,C,Y,9.51941E+11,5
BAU,SBS,mc,2,,SF,,,,N,1,5,B,Y,2.1635E+11,4
BAU,SBS,dk,,,SL,,,,N,1,5,B,Y,1.7308E+11,5
BAU,SBS,mc,2,,SF,,,,N,2,4,M,Y,73559078114,4
BAU,SBS,dk,,,BB,,,,N,,3a,,N,28846697300,4
BAU,SBS,dk,,,SL,,,,N,3,4,C,Y,6.1155E+11,5
BAU,SBS,dk,,,SL,,,,N,3,4,M,Y,4.75971E+11,5
BAU,SBS,mc,2,,SF,,,,N,2,4,B,Y,1.47118E+11,4
BAU,SBS,dk,,,SL,,,,N,3,4,B,Y,2.71159E+11,5
BAU,ESSF,mc,,,EF,,,,N,,3a,,Y,28846697300,5
BAU,ESSF,mc,,,EF,,,,N,3,4,C,Y,1.18848E+12,5
BAU,SBS,mc,2,,LL,,a,,N,,,,N,57693394599,6
BAU,SBS,mc,2,,WR,,a,,N,1,5,M,Y,14423348650,2
BAU,SBS,mc,2,,SL,,a,,N,1,5,C,Y,43270045949,4
BAU,SBS,mc,2,,SL,,,,N,3,4,B,Y,57693394599,5
BUB,SBS,dk,,,SL,,,,N,,4,C,Y,1.87504E+11,5
BAU,SBS,mc,2,,SL,,,,N,1,4,B,Y,1.87504E+11,5
BAU,SBS,mc,2,,OW,,,,N,,,,N,6.19852E+11,5
BAU,ESSF,mc,,,EF,,,,N,1,7,C,Y,1.62984E+12,5
BAU,ESSF,mc,,,EF,,,,N,1,7,M,Y,1.44233E+11,5
BAU,SBS,mc,2,,WR,,a,,N,3,4,C,Y,14423348650,3
BAU,ESSF,mc,,,EF,,,,N,1,4,M,Y,43270045949,5
BUB,SBS,dk,,,DF,,,,N,,3b,,Y,63740666421,5
BUB,SBS,dw,3,,SF,,,,N,,3b,,Y,43270045949,5
BUB,SBS,dw,3,,SF,,,,N,,7a,,Y,4.47124E+11,4
BUB,SBS,dw,3,,SF,,,,N,,3c,,Y,28846697300,5
BUB,SBS,dk,,,WR,,,,N,1,4,B,Y,28846697300,3
BUB,SBS,dk,,,WR,,,,N,1,4,C,Y,7211674325,3
BUB,SBS,mc,2,,SF,,,,N,3,4,C,Y,2.69323E+12,5
BAU,SBS,mc,2,,SL,,,,N,1,5,B,Y,1.7308E+11,4
BUB,SBS,mc,2,,SF,,,,N,3,4,M,Y,8654009190,5
BUB,SBS,mc,2,,TC,,,,N,,,,N,2.32511E+11,6
BUB,SBS,dk,,,SL,,,,N,2,7a,,Y,4.22162E+13,5
BUB,SBS,dw,3,,SL,,,,N,1,4,M,Y,2.88467E+11,5
BUB,SBS,dw,3,,SL,,,,N,1,4,C,Y,7.35591E+11,5
BUB,SBS,dk,,,SF,,,,N,,3c,,Y,5.62335E+11,5
BUB,SBS,dw,3,,BB,,,,N,,3a,,N,14423348650,4
BUB,SBS,dk,,,SL,,,,N,,5,C,Y,1.5605E+11,5
BUB,SBS,dk,,,SF,,,,N,1,5,C,Y,2.69525E+11,4
BUB,SBS,dk,,,SF,,,,N,1,4,C,Y,2.38419E+11,5
BUB,SBS,mc,2,,BB,,,,N,,3a,,N,44312292306,4
BUB,SBS,mc,2,,SL,,,,N,2,4,C,Y,6.20372E+11,5
BUB,SBS,mc,2,,LL,,,,N,,,,N,1.9202E+11,6
BUB,SBS,mc,2,,BB,,,,N,,3b,,N,2.94373E+11,4
NEU,SBS,mc,2,,UV,,,,N,,1,,N,44312159646,5
NEU,SBS,mc,2,,LS,,,,N,,,,N,1.78873E+12,6
BUB,SBS,dk,,,WL,,,,N,,3a,,N,2.03924E+11,2
BUB,SBS,mc,2,,SL,,a,,N,,3c,,Y,88624584611,5
BUB,SBS,dk,,,SF,,,,N,1,5,M,Y,17724837326,4
BUB,SBS,dw,3,,BB,,,,N,,2,,N,28846697300,3
BAU,ESSF,mv,1,,EF,,,,N,,3b,,Y,6.63474E+11,5
BAU,SBS,mc,2,,SL,,a,,N,,3c,,Y,43270045949,5
BAU,SBS,mc,2,,WR,,a,,N,,3c,,Y,14423348650,3
BAU,SBS,dk,,,SF,,,,N,,3c,,Y,1.87504E+11,5
BAU,SBS,mc,2,,SL,,a,,N,,2,,Y,1.44233E+11,4
BAU,SBS,mc,2,,WR,,a,,N,,2,,Y,2.88467E+11,1
BAU,SBS,dk,,,LS,,,,N,,,,N,1.87504E+11,6
BAU,SBS,dk,,,WR,,a,,N,,3c,,Y,14423348650,3
BAU,SBS,mc,2,,GP,,,,N,,1,,N,14423348650,6
BAU,SBS,dk,,,DF,,,,N,,3c,,Y,3.11544E+11,5
BUB,SBS,dk,,,WR,,,,N,,3b,,Y,14423306399,3
BUB,SBS,mc,2,,UV,,,,N,,1,,N,1.15734E+11,5
NEU,ESSF,mc,,,LS,,,,N,,,,N,1.53615E+12,6
NEU,SBS,mc,2,,WR,,a,,N,,3c,,Y,14770764102,3
NEU,ESSF,mc,,,EF,,,,N,,3a,,Y,1.34119E+12,5
NEU,SBS,mc,2,,SL,,,,N,,3b,,Y,4.53462E+11,4
BUB,SBS,dk,,,RO,,,,N,,1,,N,4.3426E+11,5
BUB,ESSF,mc,,,UV,,,,N,,1,,N,28846612798,5
BUB,SBS,dk,,,WL,,,,N,,2b,,N,7.387E+11,1
BAU,SBS,wk,3,,WR,,a,,N,,2,,Y,28846697300,1
BAU,ESSF,mv,3,,EF,,,,Y,,2,,Y,4.73951E+12,5
BUB,SBS,mc,2,,WR,,a,,N,,2,,Y,14770764102,1
BAU,SBS,dk,,,SF,,,,N,,2,,Y,6.57705E+11,4
BUB,SBS,dk,,,LL,,a,,N,,,,N,2.78907E+11,6
NEU,SBS,mc,2,,WR,,a,,N,,2,,Y,3.45635E+12,1
BUB,SBS,dk,,,TA,,,,N,,1,,N,44312292306,5
BAU,SBS,mc,2,,BB,,,,N,,2,,N,7.64437E+11,3
BAU,SBS,mc,2,,WL,,,,N,,2b,,N,7.00975E+11,1
BAU,SBS,dk,,,BB,,,,N,,2,,N,72116743249,3
BAU,ESSF,mc,,,BG,,,,N,,2,,N,1.15387E+11,5
BUB,SBS,mc,2,,SF,,,,N,1,7a,,Y,2.53851E+12,4
BUB,SBS,mc,2,,SF,,,,N,2,7a,,Y,4.48607E+12,4
BAU,SBS,mc,2,,WR,,a,,N,1,7a,,Y,43270045949,1
BAU,SBS,mc,2,,SF,,,,N,3,7a,,Y,9.87855E+12,4
BAU,SBS,mc,2,,SL,,,,N,1,7a,,Y,6.5583E+12,4
BAU,SBS,mc,2,,SF,,,,N,2,7a,,Y,4.7323E+12,4
BUB,SBS,mc,2,,SL,,,,N,3,7a,,Y,1.78726E+12,4
BUB,SBS,dk,,,SL,,,,N,3,7a,,Y,2.89046E+12,5
BAU,ESSF,mv,1,,EF,,,,N,1,7,C,Y,5.48087E+11,5
BAU,SBS,dk,,,SL,,,,N,1,7a,,Y,1.65869E+12,5
BAU,SBS,dk,,,SL,,,,N,3,7a,,Y,2.04812E+12,5
BAU,SBS,dw,3,,SL,,,,N,1,7a,,Y,43270045949,5
BUB,SBS,dk,,,DF,,,,N,1,7a,,Y,2.28208E+12,5
BUB,SBS,dw,3,,SL,,,,N,1,7a,,Y,1.84619E+12,5
BAU,SBS,mc,2,,SF,,,,N,3,5,C,Y,4.33422E+12,4
BAU,SBS,mc,2,,SF,,,,N,,5,C,Y,1.01973E+12,4
BUB,ESSF,mc,,,EF,,,,N,1,5,C,Y,2.50756E+11,5
BUB,SBS,dk,,,DF,,,,N,2,5,B,Y,1.87138E+11,5
BUB,SBS,dk,,,DF,,,,N,2,5,C,Y,1.79683E+11,5
BUB,SBS,dk,,,DF,,,,N,2,5,M,Y,1.4015E+11,5
BAU,ESSF,mv,1,,EF,,,,N,1,7,B,Y,14423348650,5
BAU,ESSF,mc,,,EF,,,,N,3,7,C,Y,3.22506E+12,5
BAU,ESSF,mc,,,EF,,,,N,2,5,C,Y,6.92321E+11,5
BAU,ESSF,mc,,,EF,,,,N,3,5,C,Y,1.79138E+12,5
BAU,SBS,mc,2,,SF,,,,N,3,5,B,Y,4.03854E+11,4
BAU,SBS,dk,,,SL,,,,N,3,5,M,Y,2.01927E+11,5
BAU,SBS,dk,,,SL,,,,N,3,5,C,Y,6.20204E+11,5
BAU,SBS,mc,2,,SF,,,,N,3,5,M,Y,6.20204E+11,4
BUB,SBS,mc,2,,SF,,,,N,1,5,B,Y,1.47118E+11,4
BAU,SBS,mc,2,,SF,,,,N,2,5,M,Y,4.12508E+11,4
BAU,SBS,dk,,,DF,,,,N,3,5,B,Y,5.39433E+11,5
BAU,SBS,dk,,,DF,,,,N,3,5,C,Y,28846697300,5
BAU,SBS,mc,2,,SF,,,,N,2,5,B,Y,2.42312E+11,4
BAU,SBS,dk,,,SL,,,,N,3,5,B,Y,1.2981E+11,5
BUB,SBS,mc,2,,DF,,,,N,1,5,C,Y,1.37664E+12,5
BUB,SBS,mc,2,,SL,,,,N,,5,C,Y,2.5258E+12,4
BUB,SBS,dk,,,DF,,,,N,1,5,C,Y,3.16094E+11,5
BUB,SBS,mc,2,,SL,,,,N,,5,M,Y,29541528204,4
BAU,SBS,mc,2,,SL,,,,N,3,5,B,Y,86540091899,5
BAU,SBS,mc,2,,SL,,,,N,3,7a,,Y,8.91363E+11,4
BUB,SBS,mc,2,,SF,,,,N,2,5,C,Y,4.61546E+11,4
BUB,SBS,mc,2,,SF,,,,N,4,7a,,Y,28846612798,5
BUB,SBS,dk,,,DF,,,,N,,5,C,Y,1.89066E+11,5
BUB,SBS,mc,2,,SF,,,,N,3,5,C,Y,4.38084E+11,4
BAU,ESSF,mc,,,EF,,,,N,1,5,C,Y,8.22131E+11,5
BUB,SBS,mc,2,,SL,,,,N,3,5,C,Y,1.47708E+11,5
BAU,SBS,wk,3,,SF,,,,N,1,5,C,Y,28846697300,4
BAU,SBS,wk,3,,SF,,,,N,1,5,M,Y,7211674325,4
NEU,SBS,mc,2,,SL,,,,N,2,4,C,Y,1.66761E+12,5
BUB,SBS,dk,,,DF,,,,N,1,4,C,Y,1.87146E+12,5
BUB,SBS,mc,2,,SL,,,,N,,4,C,Y,14770764102,5
BUB,SBS,dw,3,,SL,,,,N,1,4,B,Y,43270045949,5
BUB,SBS,dw,3,,SL,,,,N,1,5,M,Y,9.23094E+11,5
NEU,ESSF,mc,,,EF,,,,N,1,4,C,Y,4.23919E+11,5
NEU,ESSF,mc,,,EF,,,,N,2,4,C,Y,1.69716E+12,5
BUB,SBS,dw,3,,SF,,,,N,,4,C,Y,5.04817E+11,5
BAU,SBS,mc,2,,WR,,a,,N,3,4,M,Y,28846697300,3
BAU,SBS,wk,3,,BB,,,,N,,3b,,N,14423348650,4
BAU,SBS,wk,3,,SF,,,,N,,4,C,Y,7.47129E+11,4
BUB,ESSF,mc,,,EF,,,,N,1,4,C,Y,4.79791E+11,5
BUB,SBS,dk,,,WR,,,,N,1,4,M,Y,21635022975,3
BAU,ESSF,mv,1,,EF,,,,N,1,4,C,Y,5.4376E+11,5
BAU,ESSF,mv,1,,EF,,,,N,3,4,C,Y,2.1635E+11,5
BUB,SBS,mc,2,,DF,,,,N,1,5,M,Y,32495681024,5
BUB,SBS,dk,,,DF,,,,N,2,4,M,Y,1.02284E+11,5
BAU,SBS,dk,,,SL,,,,N,2,4,M,Y,28846697300,5
BAU,SBS,dk,,,SL,,,,N,2,4,C,Y,28846697300,5
BAU,SBS,dk,,,SL,,,,N,2,4,B,Y,1.00963E+11,5
BUB,SBS,mc,2,,SL,,,,N,,4,C,Y,1.47708E+11,5
BUB,SBS,mc,2,,DF,,,,N,,3c,,Y,59083056408,5
BUB,SBS,dw,3,,SL,,,,N,2,4,M,Y,1.58657E+11,5
BUB,SBS,dw,3,,SL,,,,N,2,4,C,Y,72116743249,5
BUB,SBS,dw,3,,SL,,,,N,2,4,B,Y,14423348650,5
BAU,ESSF,mc,,,EF,,,,N,,,,Y,4.11065E+11,5
NEU,ESSF,mc,,,EF,,,,N,,,,Y,7.36763E+12,5
NEU,ESSF,mcp,,,RO,,,,Y,,1,,N,4.87433E+11,5
BUB,SBS,dk,,,SL,,,,N,,,,Y,2.66542E+13,5
NAU,SBPS,mc,,,LP,,,,N,,,,Y,3.48738E+12,4
BAU,SBS,mc,2,,SF,,,,N,,,,Y,1.7308E+12,4
BUB,SBS,dk,,,DF,,,,N,,,,Y,6.42358E+11,5
KIM,MH,mm,2,,RO,,,,N,,1,,N,2.0679E+11,5
NEU,BAFA,un,,,AU,,,,Y,,1a,,N,2.57601E+12,6
BUB,SBS,dw,3,,OW,,,,N,,,,N,1.15387E+11,5
NEU,SBS,mc,2,,SF,,,,N,,,,Y,4.13875E+12,4
NEU,SBS,mc,2,,WR,,a,,N,,,,Y,7.53306E+11,1
KIM,MH,mm,2,,UV,,,,N,,1,,N,5.40608E+11,5
KIM,CMA,un,,,GL,,,,Y,,,,N,2.2156E+11,6
NAU,SBPS,mc,,,UV,,,,N,,1,,N,88624584611,5
NEU,ESSF,mc,,,WL,,a,,N,,3a,,N,3.69267E+11,3
NEU,SBS,mc,2,,OW,,,,N,,,,N,6.79452E+11,5
NEU,ESSF,mc,,,EF,,,,Y,,,,Y,5.40608E+11,5
NEU,SBS,dk,,,SL,,,,N,,,,Y,1.77248E+12,5
BUB,SBS,mc,2,,SL,,,,N,,,,Y,3.199E+12,4
NEU,SBS,mc,2,,WL,,a,,N,,3a,,N,4.1358E+11,2
NEU,SBS,mc,2,,SL,,,,N,,,,Y,5.02204E+12,4
BAU,SBS,mc,2,,LS,,a,,N,,,,N,41827711084,6
KIM,BAFA,unp,,,AU,,,,Y,,1a,,N,2.09744E+11,6
NEU,BAFA,un,,,TA,,,,Y,,1,,N,1.24074E+12,6
BUB,SBS,mc,2,,SF,,,,N,,,,Y,3.49739E+11,4
NEU,ESSF,mc,,,ER,,a,,N,,,,Y,1.77248E+11,1
KIM,BAFA,un,,,AU,,,,Y,,1a,,N,1.997E+12,6
NEU,BAFA,un,,,AT,,,,Y,,2d,,N,1.74737E+12,5
BUB,SBS,dk,,,WR,,a,,N,,,,Y,1.9202E+11,1
BUB,SBS,dw,3,,SL,,,,N,,,,Y,2.74044E+11,5
KIM,ESSF,mk,,,EW,,,,N,,,,Y,2.0487E+12,4
NEU,BAFA,un,,,LS,,,,Y,,,,N,88624186631,6
BUB,ESSF,mc,,,EF,,,,N,,,,Y,2.45891E+11,5
NEU,SBS,mc,2,,LL,,,,N,,,,N,5.12543E+12,6
BAU,SBS,dk,,,SL,,,,N,,,,Y,3.37506E+11,5
NEU,ESSF,mcp,,,LS,,,,N,,,,N,2.48148E+11,6
NEU,ESSF,mc,,,LL,,,,N,,,,N,2.5701E+12,6
NEU,SBS,dk,,,LL,,a,,N,,,,N,1.32936E+11,6
KIM,BAFA,unp,,,HP,,,,N,,,,Y,29541395544,5
NEU,BAFA,un,,,GL,,,,Y,,,,N,1.80203E+11,6
BAU,SBS,mc,2,,SL,,,,N,,,,Y,2.97121E+11,4
BAU,ESSF,mc,,,OW,,,,N,,,,N,1.58657E+11,5
NEU,SBS,dk,,,OW,,,,N,,,,N,1.77248E+11,5
KIM,BAFA,un,,,OW,,,,Y,,,,N,88624186631,6
KIM,CMA,unp,,,AU,,,,Y,,1a,,N,3.76653E+11,6
KIM,MH,mm,2,,HP,,,,N,,,,Y,1.47707E+11,5
KIM,ESSF,mk,,,RO,,,,N,,1,,N,1.77248E+11,5
KIM,ESSF,mk,,,WL,,,,N,,3a,,N,3.10185E+11,3
NEU,ESSF,mc,,,SM,,,,Y,,2a,,N,8.4193E+11,4
KIM,MH,mm,2,,MF,,,,N,,,,Y,1.09451E+12,5
KIM,ESSF,mkp,,,WB,,,,Y,,,,Y,1.06349E+11,4
BUB,SBS,dk,,,UR,,a,,N,,,,N,25962027570,6
NEU,ESSF,mc,,,LS,,,,Y,,,,N,1.18166E+11,6
KIM,MH,mm,2,,LS,,,,N,,,,N,1.62478E+11,6
NEU,BAFA,unp,,,LS,,,,Y,,,,N,88624186631,6
BAU,ESSF,mv,1,,EF,,,,N,,,,Y,14423348650,5
NEU,BAFA,unp,,,AU,,,,Y,,1a,,N,1.92019E+11,6
KIM,MH,mmp,,,LS,,,,Y,,,,N,44312093315,6
KIM,MH,mm,2,,MF,,,,N,,3c,,Y,7.35581E+11,5
KIM,ESSF,mk,,,EW,,,,N,,3c,,Y,1.56422E+12,5
NEU,SBS,mc,2,,SF,,,,N,,2,,Y,4.26991E+13,4
NEU,ESSF,mc,,,EF,,,,Y,,2,,Y,1.75136E+13,5
NEU,ESSF,mcp,,,EF,,,,Y,,3b,,Y,2.17277E+12,5
BUB,ESSF,mc,,,LS,,,,N,,,,N,43964834603,6
BUB,SBS,dk,,,WR,,,,N,,,,Y,5.50972E+11,1
BAU,ESSF,mv,1,,OW,,,,Y,,,,N,14423348650,5
BAU,SBS,dk,,,OW,,,,N,,,,N,1.58657E+11,5
NEU,ESSF,mc,,,OW,,,,N,,,,N,9.60096E+11,5
NEU,ESSF,mcp,,,TA,,,,Y,,1,,N,14770697772,6
NEU,ESSF,mc,,,EF,,,,N,2,7,C,Y,1.01416E+13,5
NEU,ESSF,mcp,,,EF,,,,Y,,2,,Y,7.09289E+12,5
NEU,SBS,mc,2,,SL,,,,N,2,5,C,Y,8.25682E+11,4
BUB,ESSF,mv,1,,EF,,,,N,1,7,C,Y,2.95415E+12,5
NEU,SBS,mc,2,,SL,,,,N,2,7a,,Y,7.28934E+12,4
BUB,SBS,dk,,,DF,,,,N,2,4,C,Y,1.7115E+11,5
NEU,SBS,dk,,,SL,,,,N,1,5,C,Y,9.15783E+11,5
NEU,SBS,dk,,,SL,,,,N,1,7a,,Y,7.16379E+12,5
BUB,SBS,dk,,,DF,,,,N,2,7a,,Y,1.61808E+12,5
BUB,SBS,dk,,,SL,,,,N,,5,C,Y,4.09759E+11,5
NEU,ESSF,mk,,,EW,,,,Y,1,4,C,Y,88624186631,5
NEU,ESSF,mcp,,,EF,,,,Y,1,7,C,Y,1.40912E+12,5
KIM,MH,mm,2,,MF,,,,N,,2,,Y,7.2081E+12,5
KIM,CWH,ws,2,,FR,,,,N,,3c,,Y,1.68386E+12,5
NEU,ESSF,mk,,,EW,,,,Y,,2,,Y,2.02359E+12,4
NAU,SBPS,mc,,,LP,,,,N,,2,,Y,2.35963E+13,4
NAU,SBPS,mc,,,LP,,,,N,2,7a,,Y,1.06069E+13,4
BUB,SBS,dk,,,DF,,,,N,1,4,M,Y,73853820510,5
BAU,ESSF,mv,3,,EF,,,,N,2,7,C,Y,1.70196E+12,5
BUB,SBS,dk,,,SF,,,,N,1,7a,,Y,4.02461E+11,4
BUB,SBS,dk,,,DF,,,,N,3,7a,,Y,7.76249E+11,5
BAU,SBS,mc,2,,SL,,,,N,2,7a,,Y,2.14908E+12,4
NAU,SBPS,mc,,,LP,,,,N,1,7a,,Y,1.84634E+12,4
BAU,SBS,dk,,,UV,,,,N,,1,,N,28846697300,5
NEU,ESSF,mc,,,EF,,,,Y,2,7,C,Y,4.40167E+11,5
KIM,ESSF,mk,,,EW,,,,N,,2,,Y,1.88577E+13,4
KIM,CWH,ws,2,,FR,,,,N,,2,,Y,6.15938E+12,4
BAU,ESSF,mv,1,,EF,,,,N,3,7,C,Y,1.68753E+12,5
NEU,SBS,mc,2,,SF,,,,N,3,7a,,Y,1.32936E+11,4
KIM,ESSF,mk,,,EW,,,,Y,,2,,Y,8.27159E+11,4
KIM,ESSF,mk,,,EW,,,,N,3,5,C,Y,1.74294E+11,5
KIM,ESSF,mk,,,EW,,,,N,3,4,C,Y,2.65873E+11,5
KIM,ESSF,mkp,,,WP,,,,Y,1,7,C,Y,1.03395E+11,5
NAU,SBPS,mc,,,SL,,,,N,1,7a,,Y,1.24074E+11,5
NEU,BAFA,un,,,FP,,,,Y,,7,C,Y,1.18166E+11,5
NEU,SBS,mc,2,,SL,,,,N,1,7a,,Y,4.68231E+12,4
NEU,SBS,mc,2,,SF,,,,N,1,4,C,Y,2.90983E+12,4
BUB,SBS,dk,,,WR,,a,,N,2,5,C,Y,14770764102,2
NEU,ESSF,mc,,,ER,,a,,N,,2,,Y,1.4623E+12,1
NEU,SBS,mc,2,,WR,,a,,N,1,4,M,Y,6.49911E+11,3
NEU,SBS,mc,2,,SF,,,,N,1,7a,,Y,1.09303E+12,4
NEU,ESSF,mc,,,EF,,a,,N,,2,,Y,3.10185E+11,4
NEU,SBS,mc,2,,SF,,,,N,1,5,C,Y,4.69708E+11,4
KIM,CWH,ws,2,,LS,,,,N,,,,N,1.92019E+11,6
NEU,ESSF,mcp,,,WL,,,,N,,3a,,N,2.36331E+11,3
NEU,ESSF,mc,,,ER,,a,,N,,3c,,Y,1.32936E+11,3
BAU,ESSF,mv,3,,UV,,,,N,,1,,N,28846697300,5
KIM,CWH,ws,2,,OW,,,,N,,,,N,4.1358E+11,5
KIM,CMA,unp,,,TA,,,,Y,,1,,N,88624186631,6
BUB,SBS,dk,,,DF,,,,N,,7a,,Y,35449833845,5
BUB,SBS,mc,2,,SL,,a,,N,,,,Y,14770764102,4
BUB,SBS,dk,,,SF,,,,N,,,,Y,17724837326,4
NAU,SBPS,mc,,,LS,,,,N,,,,N,7.2229E+11,6
BAU,ESSF,mv,3,,OW,,,,N,,,,N,43270045949,5
BAU,ESSF,mc,,,EF,,,,N,2,7,C,Y,2.13466E+12,5
BUB,SBS,dk,,,SL,,,,N,4,7a,,Y,1.59524E+12,5
BUB,SBS,dk,,,WR,,,,N,2,5,C,Y,34615935357,3
BUB,ESSF,mc,,,EF,,,,Y,,2,,Y,3.80775E+11,5
BAU,SBS,dk,,,DF,,,,N,3,4,B,Y,46154715679,5
KIM,MH,mm,2,,HP,,,,N,,7,C,Y,59082791087,5
BUB,SBS,dk,,,WR,,,,N,2,7a,,Y,1.75964E+11,1
BUB,SBS,dk,,,SL,,,,N,,5,B,Y,6.20899E+11,5
BUB,ESSF,mc,,,EF,,,,N,2,7,C,Y,7.93284E+11,5
BAU,SBS,mc,2,,SF,,,,N,,7a,,Y,1.8534E+12,4
BUB,SBS,dk,,,WR,,,,N,1,7a,,Y,1.37022E+11,1
BAU,ESSF,mc,,,EF,,,,Y,,2,,Y,5.7549E+11,5
NAU,SBPS,mc,,,LP,,,,N,2,5,C,Y,3.46374E+12,4
NEU,ESSF,mc,,,EF,,,,N,1,7,C,Y,8.86242E+11,5
NEU,ESSF,mc,,,FP,,,,Y,,2,,Y,1.47707E+11,5
BAU,ESSF,mv,1,,EF,,,,N,2,7,C,Y,9.17325E+11,5
BAU,ESSF,mvp,,,FP,,,,Y,,2,,Y,4.16835E+11,5
KIM,ESSF,mk,,,EW,,,,N,1,4,C,Y,2.24515E+11,5
KIM,ESSF,mkp,,,WB,,,,Y,,2b,,Y,6.55819E+11,4
KIM,ESSF,mk,,,LL,,,,N,,,,N,1.32936E+11,6
KIM,ESSF,mkp,,,WP,,,,N,,2,,Y,2.9246E+11,5
KIM,ESSF,mkp,,,WP,,,,Y,,2,,Y,9.30554E+11,5
NAU,SBPS,mc,,,OW,,,,N,,,,N,1.9202E+11,5
NEU,ESSF,mcp,,,LS,,,,Y,,,,N,2.2156E+11,6
NEU,ESSF,mcp,,,EF,,,,Y,,,,Y,2.2156E+11,5
NEU,SBS,dk,,,LS,,,,N,,,,N,4.57892E+11,6
KIM,BAFA,un,,,TA,,,,Y,,1,,N,5.31745E+11,6
NAU,SBPS,mc,,,WL,,a,,N,,3a,,N,1.18166E+11,2
KIM,MH,mm,2,,OW,,,,N,,,,N,1.62478E+11,5
KIM,BAFA,un,,,GL,,,,Y,,,,N,1.77248E+11,6
BAU,ESSF,mv,3,,EF,,,,N,,,,Y,1.55772E+11,5
NEU,SBS,mc,2,,SF,,,,N,,3c,,Y,9.36462E+11,4
BAU,ESSF,mv,1,,LS,,,,Y,,,,N,14423348650,6
BUB,SBS,dk,,,WR,,,,N,,4,M,Y,38943041354,3
BUB,SBS,mc,2,,SL,,,,N,,5,C,Y,2.06791E+11,4
BUB,SBS,dk,,,WR,,,,N,2,5,M,Y,80770515833,3
BAU,ESSF,mv,1,,EF,,,,N,,7,C,Y,1.2981E+11,5
BAU,ESSF,mv,1,,EF,,,,Y,,2,,Y,1.32695E+12,5
NAU,SBPS,mc,,,WR,,a,,N,2,5,M,Y,1.18166E+11,2
KIM,ESSF,mk,,,AV,,,,N,,2b,,N,1.01179E+12,4
BUB,SBS,dk,,,WR,,a,,N,1,7a,,Y,3.3938E+11,1
NEU,SBS,dk,,,SL,,,,N,1,4,C,Y,2.65873E+11,5
KIM,MH,mm,2,,AV,,,,N,,3b,,N,88624186631,4
BUB,SBS,mc,2,,DF,,,,N,1,7a,,Y,4.22444E+11,5
BUB,SBS,dk,,,DF,,,,N,1,5,M,Y,3.79609E+11,5
KIM,MH,mm,2,,MF,,,,N,1,4,C,Y,60559860864,5
NEU,ESSF,mcp,,,AM,,,,Y,,2a,,N,5.46516E+11,5
NEU,ESSF,mcp,,,EF,,,,Y,1,4,C,Y,2.0679E+11,5
NEU,SBS,mc,2,,SF,,,,N,3,5,C,Y,44312093315,4
KIM,ESSF,mkp,,,WB,,,,Y,,3b,,Y,35449674652,5
NEU,ESSF,mc,,,EF,,,,N,2,5,C,Y,7.62168E+11,5
KIM,MH,mmp,,,RO,,,,Y,,1,,N,44312093315,5
NEU,ESSF,mc,,,EF,,,,Y,,3b,,Y,6.79452E+11,5
BUB,SBS,dk,,,SL,,,,N,,4,B,Y,4.90394E+11,5
BUB,SBS,dk,,,SL,,,,N,,7a,,Y,1.09687E+12,5
BUB,SBS,dk,,,WR,,,,N,,7a,,Y,92309431359,1
BAU,SBS,dk,,,DF,,,,N,3,7a,,Y,1.00963E+12,5
BAU,ESSF,mv,1,,EF,,,,N,2,5,C,Y,70674408384,5
BUB,SBS,dw,3,,SL,,,,N,3,7a,,Y,3.60584E+11,5
BUB,SBS,dw,3,,SL,,,,N,2,7a,,Y,5.19241E+11,5
BUB,SBS,dk,,,SL,,,,N,4,5,C,Y,1.77249E+11,5
NEU,BAFA,un,,,AM,,,,Y,,2a,,N,53174511978,5
NEU,SBS,mc,2,,SF,,,,N,2,4,C,Y,7385348886,4
NEU,BAFA,unp,,,AT,,,,Y,,2d,,N,2.03836E+11,5
NEU,ESSF,mc,,,ER,,a,,N,2,7a,,Y,1.32936E+11,1
NEU,SBS,mc,2,,SF,,,,N,,5,C,Y,14770697772,4
NEU,ESSF,mcp,,,FP,,,,Y,,2,,Y,3.7813E+11,5
NEU,SBS,mc,2,,SL,,,,N,1,5,C,Y,6.57296E+11,4
NEU,SBS,dk,,,SL,,,,N,2,7a,,Y,1.68387E+12,5
NEU,SBS,dk,,,SL,,,,N,2,5,C,Y,14770764102,5
BAU,ESSF,mc,,,EF,,,,N,2,7,M,Y,86540091899,5
KIM,ESSF,mk,,,EW,,a,,N,,2,,Y,3.54497E+11,4
NAU,SBPS,mc,,,BB,,,,N,,2,,N,3.10186E+11,3
NEU,ESSF,mcp,,,SM,,,,Y,,2a,,N,2.33377E+11,4
NEU,SBS,mc,2,,SL,,,,N,2,4,M,Y,1.18166E+11,5
KIM,CWH,ws,2,,RO,,,,N,,1,,N,14770697772,5
BUB,ESSF,mc,,,EF,,,,N,2,5,C,Y,2.1635E+11,5
KIM,MH,mm,2,,HP,,,,N,,2,,Y,1.03395E+11,5
BUB,SBS,dk,,,SL,,,,N,,5,M,Y,1.88546E+11,5
BAU,ESSF,mc,,,EF,,,,Y,2,5,C,Y,40385257917,5
BUB,ESSF,mv,1,,EF,,,,N,3,5,C,Y,2.33658E+11,5
BAU,SBS,dk,,,DF,,,,N,3,5,M,Y,1.12502E+11,5
BAU,SBS,dk,,,SL,,,,N,2,7a,,Y,1.55772E+11,5
NAU,SBPS,mc,,,WL,,,,N,,3a,,N,88624584611,3
BAU,SBS,dk,,,LL,,,,N,,,,N,3.17314E+11,6
KIM,ESSF,mk,,,EF,,,,N,,2,,Y,3.69267E+11,5
NEU,SBS,mc,2,,SL,,,,N,1,4,C,Y,6.49911E+11,5
NEU,ESSF,mc,,,EF,,,,Y,1,7,C,Y,4.3869E+11,5
BUB,SBS,dk,,,WL,,a,,N,,2b,,N,72811574153,1
BUB,SBS,dk,,,DF,,,,N,1,5,B,Y,3.50067E+11,5
NEU,SBS,mc,2,,WR,,a,,N,2,7a,,Y,44312093315,1
BUB,SBS,dk,,,WL,,a,,N,,3a,,N,2.06791E+11,2
KIM,MH,mm,2,,LL,,,,N,,,,N,1.7134E+11,6
BUB,SBS,dk,,,WR,,,,N,,5,C,Y,57693394599,3
BAU,SBS,mc,2,,LP,,,,N,2,7a,,Y,1.00963E+11,4
NAU,SBPS,mc,,,LP,,,,N,,3c,,Y,97487003274,4
NAU,SBPS,mc,,,LP,,,,N,1,5,C,Y,5.19931E+11,4
KIM,ESSF,mk,,,WB,,,,Y,,2b,,Y,1.47707E+11,4
KIM,ESSF,mk,,,EF,,,,N,3,7,C,Y,44312093315,5
KIM,BAFA,unp,,,HP,,,,Y,,2,,Y,1.62478E+11,5
NEU,ESSF,mc,,,EF,,,,Y,3,4,C,Y,14770697772,5
KIM,MH,mm,2,,MF,,,,N,2,5,C,Y,1.18166E+11,5
KIM,MH,mm,2,,MF,,,,N,2,4,C,Y,2.68827E+11,5
KIM,MH,mm,2,,MF,,a,,N,,2,,Y,1.24074E+11,5
KIM,ESSF,mk,,,EW,,,,N,3,7a,,Y,5.27314E+11,4
NAU,SBPS,mc,,,SL,,,,N,2,5,C,Y,3.81086E+11,5
BUB,SBS,dk,,,WR,,a,,N,2,4,M,Y,44312292306,3
BUB,SBS,dw,3,,SL,,,,N,1,5,B,Y,2.45197E+11,5
KIM,CMA,unp,,,AT,,,,Y,,2d,,N,3.69267E+11,5
BAU,ESSF,mv,3,,OW,,,,Y,,,,N,14423348650,5
BUB,ESSF,mv,1,,EF,,,,N,,,,Y,2.36332E+11,5
NEU,ESSF,mc,,,UV,,,,N,,1,,N,29541461874,5
BUB,SBS,dk,,,WR,,a,,N,2,7a,,Y,2.06791E+11,1
KIM,CMA,un,,,AU,,,,Y,,1a,,N,9.73389E+11,6
KIM,MH,mm,2,,MF,,,,N,3,7a,,Y,1.03395E+11,5
NEU,ESSF,mc,,,EF,,,,N,3,5,C,Y,56128651533,5
BUB,SBS,dk,,,WR,,,,N,,5,M,Y,1.45676E+11,3
NEU,SBS,dk,,,WR,,a,,N,,2,,Y,2.2156E+11,1
BUB,SBS,dk,,,WR,,a,,N,,7a,,Y,44312292306,1
KIM,MH,mm,2,,MF,,,,N,2,7a,,Y,2.14175E+11,5
KIM,MH,mm,2,,MF,,,,N,,7a,,Y,14770697772,5
NAU,SBPS,mc,,,WR,,a,,N,,2,,Y,4.57894E+11,1
KIM,CWH,ws,2,,FR,,,,N,,,,Y,2.65873E+11,4
NAU,SBPS,mc,,,MS,,,,N,,3b,,N,42835215896,5
KIM,ESSF,mkp,,,TA,,,,Y,,1,,N,44312093315,6
KIM,CMA,unp,,,LS,,,,Y,,,,N,14770697772,6
BUB,SBS,dw,3,,SF,,,,N,,,,Y,72116743249,4
BUB,ESSF,mv,1,,EF,,,,N,3,7,C,Y,1.2981E+11,5
NAU,SBPS,mc,,,BB,,,,N,,3b,,N,2.06791E+11,4
BUB,ESSF,mc,,,EF,,,,Y,,3b,,Y,28846612798,5
KIM,ESSF,mk,,,EW,,,,N,2,7a,,Y,1.62478E+11,4
BUB,SBS,dk,,,WR,,,,N,,7a,,Y,1.21156E+11,1
BAU,ESSF,mv,3,,FP,,,,Y,,2,,Y,3.4616E+11,5
NEU,ESSF,mk,,,EW,,,,Y,1,7a,,Y,1.32936E+11,4
NAU,SBPS,mc,,,WL,,,,N,,2b,,N,97487043073,2
NEU,SBS,mc,2,,SL,,,,N,3,7a,,Y,14770697772,4
NEU,BAFA,un,,,FP,,,,Y,2,5,C,Y,1.18166E+11,5
NEU,BAFA,un,,,LL,,,,Y,,,,N,29541395544,6
NEU,ESSF,mcp,,,FP,,,,Y,,3b,,Y,1.41799E+11,5
BAU,BAFA,un,,,AU,,,,Y,,1a,,N,1.65869E+11,6
BUB,SBS,dk,,,WR,,,,N,,4,B,Y,69232073519,3
BAU,SBS,mc,2,,SL,,,,N,2,5,M,Y,24519692705,4
BAU,SBS,mc,2,,SL,,,,N,2,5,B,Y,43270045949,4
KIM,ESSF,mk,,,WB,,,,Y,1,7,C,Y,59082791087,4
NEU,ESSF,mk,,,RO,,,,Y,,1,,N,14770697772,5
KIM,MH,mm,2,,MF,,,,N,1,5,C,Y,1.40322E+11,5
NEU,ESSF,mk,,,EW,,a,,Y,,2,,Y,1.92019E+11,4
BUB,SBS,mc,2,,SF,,,,N,3,7a,,Y,2.77708E+11,4
NEU,SBS,dk,,,SL,,,,N,1,5,B,Y,14770697772,5
NEU,SBS,mc,2,,LS,,a,,N,,,,N,29541395544,6
KIM,CWH,ws,2,,LL,,,,N,,,,N,2.80643E+11,6
KIM,ESSF,mk,,,OW,,,,N,,,,N,88624186631,5
NEU,ESSF,mc,,,OW,,,,Y,,,,N,14770697772,5
BAU,ESSF,mv,1,,OW,,,,N,,,,N,1.2981E+11,5
KIM,CMA,un,,,TA,,,,Y,,1,,N,73853488859,6
BUB,SBS,dw,3,,SL,,,,N,3,4,C,Y,14423348650,5
NEU,SBS,mc,2,,SF,,,,N,,7a,,Y,88624186631,4
BUB,SBS,dk,,,SL,,,,N,,4,M,Y,2.1635E+11,5
BUB,SBS,dk,,,WR,,,,N,2,5,B,Y,34615935357,3
KIM,ESSF,mk,,,EW,,,,N,1,5,C,Y,79761767968,4
KIM,ESSF,mk,,,EW,,,,N,1,7a,,Y,1.55092E+11,4
KIM,ESSF,mkp,,,WP,,,,Y,1,4,C,Y,1.18166E+11,5
BAU,SBS,dk,,,SL,,,,N,4,4,B,Y,43270045949,5
NAU,SBPS,mc,,,WR,,,,N,,2,,Y,22156146153,2
NEU,SBS,mc,2,,WL,,,,N,,2b,,N,44312093315,1
NAU,SBPS,mc,,,SL,,,,N,,,,Y,87147508201,5
BUB,SBS,mc,2,,DF,,,,N,,,,Y,50220597946,5
KIM,MH,mm,2,,TA,,,,N,,1,,N,1.47707E+11,6
NEU,ESSF,mcp,,,LL,,,,Y,,,,N,2.36331E+11,6
BUB,SBS,dk,,,WR,,a,,N,1,4,B,Y,44312292306,3
KIM,MH,mmp,,,UV,,,,Y,,1,,N,1.62478E+11,5
NAU,SBPS,mc,,,WR,,a,,N,2,5,C,Y,14770764102,2
NEU,SBS,mc,2,,SF,,,,N,1,5,M,Y,8862418663,4
KIM,ESSF,mk,,,AV,,a,,N,,2b,,N,23633116435,3
NEU,ESSF,mk,,,RO,,a,,Y,,1,,N,14770697772,4
BAU,ESSF,mv,1,,EF,,,,Y,3,5,C,Y,43270045949,5
NAU,SBPS,mc,,,LP,,,,N,1,4,C,Y,14770764102,4
KIM,CWH,ws,2,,FR,,a,,N,,2,,Y,29541395544,4
NEU,SBS,mc,2,,LL,,a,,N,,,,N,1.62478E+11,6
BAU,ESSF,mc,,,EF,,,,Y,,,,Y,20192628958,5
BAU,ESSF,mvp,,,AT,,,,Y,,2d,,N,1.2981E+11,5
BAU,ESSF,mv,3,,EF,,,,Y,,,,Y,40385376219,5
NAU,SBPS,mc,,,LP,,a,,N,1,4,C,Y,14770764102,4
NEU,ESSF,mc,,,EF,,,,N,3,7,C,Y,2.33377E+11,5
NEU,ESSF,mcp,,,OW,,,,Y,,,,N,1.03395E+11,5
KIM,ESSF,mk,,,EW,,,,Y,,,,Y,1.92019E+11,4
NEU,SBS,dk,,,SL,,,,N,,3c,,Y,88624186631,5
KIM,ESSF,mkp,,,WP,,,,N,1,4,C,Y,44312093315,5
NEU,ESSF,mcp,,,EF,,,,Y,1,5,C,Y,53174511978,5
KIM,CWH,ws,2,,FR,,,,N,3,7a,,Y,1.32936E+11,4
NEU,ESSF,mk,,,EW,,a,,Y,1,7a,,Y,59082791087,4
BAU,ESSF,mc,,,EF,,,,Y,2,7,C,Y,1.81734E+11,5
KIM,ESSF,mk,,,EW,,,,Y,2,7a,,Y,14770697772,4
NEU,ESSF,mk,,,EW,,a,,Y,,3c,,Y,29541395544,5
KIM,BAFA,unp,,,HP,,,,N,,2,,Y,1.77248E+11,5
NEU,BAFA,un,,,FP,,,,Y,,2,,Y,2.95414E+11,5
NEU,ESSF,mcp,,,EF,,,,Y,2,4,C,Y,20678976881,5
BUB,SBS,dk,,,WR,,,,N,1,5,M,Y,21635022975,2
BUB,SBS,dk,,,SL,,,,N,4,5,B,Y,2.21561E+11,5
BUB,SBS,dk,,,SF,,,,N,1,4,M,Y,35449674652,5
BAU,SBS,dk,,,SL,,,,N,2,5,C,Y,14423348650,5
BUB,SBS,mc,2,,SL,,,,N,,7a,,Y,1.18166E+11,4
KIM,ESSF,mk,,,AV,,,,N,,3b,,N,76807628413,4
BUB,ESSF,mc,,,OW,,,,N,,,,N,58040683298,5
KIM,ESSF,mkp,,,WP,,,,Y,,3b,,Y,1.47707E+11,5
KIM,ESSF,mk,,,TA,,,,N,,1,,N,1.47707E+11,6
BUB,SBS,mc,2,,SF,,,,N,2,4,B,Y,8654009190,4
BUB,SBS,dk,,,DF,,,,N,1,4,B,Y,75330896920,5
NEU,SBS,dk,,,SL,,,,N,1,4,M,Y,59082791087,5
BAU,ESSF,mvp,,,FP,,,,Y,,,,Y,14423348650,5
BAU,SBS,wk,3,,OW,,,,N,,,,N,57693394599,5
KIM,BAFA,un,,,AT,,,,Y,,2d,,N,97486605294,5
BAU,ESSF,mv,3,,EF,,,,N,2,5,C,Y,37500706489,5
NEU,ESSF,mcp,,,WL,,,,N,,2b,,N,44312093315,3
NAU,SBPS,mc,,,LP,,a,,N,,2,,Y,14770764102,4
BAU,ESSF,mc,,,EF,,,,N,1,7,B,Y,14423348650,5
BUB,SBS,mc,2,,SL,,,,N,2,5,M,Y,42835156198,4
KIM,ESSF,mkp,,,WP,,,,N,,,,Y,17724837326,5
KIM,CWH,ws,2,,TA,,,,N,,1,,N,59082791087,5
KIM,CMA,un,,,OW,,,,Y,,,,N,29541395544,6
NEU,SBS,mc,2,,OW,,a,,N,,,,N,14770697772,4
NEU,ESSF,mk,,,WL,,a,,Y,,3a,,N,59082791087,3
NEU,ESSF,mc,,,OW,,a,,N,,,,N,59082791087,4
NEU,BAFA,unp,,,TA,,,,Y,,1,,N,1.62478E+11,6
BAU,ESSF,mc,,,LS,,,,N,,,,N,1.7308E+11,6
BAU,ESSF,mv,1,,EF,,,,Y,,,,Y,57693394599,5
BAU,SBS,mc,2,,WR,,a,,N,,,,Y,28846697300,1
KIM,BAFA,un,,,LS,,,,Y,,,,N,29541395544,6
NEU,ESSF,mc,,,RO,,,,Y,,1,,N,1.03395E+11,5
NAU,SBPS,mc,,,WR,,a,,N,,,,Y,29541528204,1
NEU,ESSF,mcp,,,UV,,,,Y,,1,,N,14770697772,5
BAU,SBS,dk,,,WL,,,,N,,3a,,N,1.00963E+11,2
NAU,SBPS,mc,,,LL,,,,N,,,,N,1.18166E+11,6
BAU,SBS,dk,,,WL,,a,,N,,3a,,N,43270045949,2
NEU,ESSF,mk,,,TA,,,,Y,,1,,N,44312093315,6
KIM,ESSF,mk,,,RO,,,,Y,,1,,N,29541395544,5
NEU,SBS,dk,,,WL,,a,,N,,3a,,N,1.18166E+11,2
NAU,SBPS,mc,,,LL,,a,,N,,,,N,59083056408,6
KIM,BAFA,unp,,,HP,,,,Y,,,,Y,14770697772,5
KIM,ESSF,mk,,,UV,,,,N,,1,,N,44312093315,5
BUB,ESSF,mc,,,EF,,,,Y,,,,Y,50481572396,5
NEU,ESSF,mc,,,LL,,,,Y,,,,N,14770697772,6
BAU,ESSF,mv,3,,LS,,,,N,,,,N,14423348650,6
BAU,SBS,dk,,,LS,,a,,N,,,,N,14423348650,6
NEU,BAFA,unp,,,OW,,,,Y,,,,N,29541395544,5
NEU,ESSF,mc,,,LS,,a,,N,,,,N,14770697772,6
KIM,ESSF,mk,,,EF,,,,N,,,,Y,29541395544,5
KIM,ESSF,mkp,,,LS,,,,Y,,,,N,14770697772,6
BUB,ESSF,mv,1,,OW,,,,N,,,,N,14423348650,5
KIM,CWH,ws,2,,FR,,a,,N,,,,Y,14770697772,4
BAU,SBS,dk,,,DF,,,,N,,,,Y,69232073519,5
KIM,BAFA,unp,,,TA,,,,Y,,1,,N,59082791087,6
KIM,ESSF,mkp,,,OW,,,,Y,,,,N,14770697772,5
KIM,ESSF,mk,,,WB,,,,Y,,,,Y,14770697772,4
BAU,ESSF,mv,1,,LS,,,,N,,,,N,43270045949,6
NEU,ESSF,mcp,,,OW,,,,N,,,,N,29541395544,5
BUB,ESSF,mc,,,MI,,,,N,,,,N,1.2981E+11,6
NEU,ESSF,mc,,,RO,,,,N,,1,,N,59082791087,5
NEU,ESSF,mc,,,LL,,a,,N,,,,N,44312093315,6
BAU,ESSF,mv,3,,FP,,,,Y,,,,Y,14423348650,5
BUB,SBS,dk,,,SL,,a,,N,,,,Y,14770764102,4
BUB,SBS,dk,,,LS,,a,,N,,,,N,29541528204,6
KIM,CMA,un,,,LS,,,,Y,,,,N,14770697772,6
KIM,MH,mm,2,,AV,,,,N,,2b,,N,1.89065E+11,4
BUB,SBS,dk,,,OW,,a,,N,,,,N,14770764102,4
BAU,SBS,mc,2,,WL,,a,,N,,3a,,N,28846697300,2
NEU,ESSF,mc,,,WL,,,,Y,,3a,,N,14770697772,3
NEU,SBS,mc,2,,SL,,,,N,2,5,B,Y,14770697772,4
BUB,SBS,dk,,,SL,,,,N,4,5,M,Y,1.18166E+11,5
KIM,ESSF,mk,,,LS,,a,,N,,,,N,14770697772,6
NEU,ESSF,mc,,,TA,,,,N,,1,,N,1.18166E+11,6
KIM,ESSF,mk,,,LS,,,,N,,,,N,73853488859,6
NEU,ESSF,mk,,,EW,,,,Y,,,,Y,14770697772,4
BAU,SBS,wk,3,,SF,,,,N,,,,Y,24519692705,4
KIM,BAFA,unp,,,GL,,,,Y,,,,N,14770697772,6
KIM,CWH,ws,2,,WL,,,,N,,3,,N,14770697772,2
KIM,ESSF,mkp,,,RO,,,,Y,,1,,N,14770697772,5
BAU,ESSF,mvp,,,RO,,,,Y,,1,,N,1.21156E+11,5
BAU,SBS,mc,2,,OW,,a,,N,,,,N,14423348650,4
BAU,ESSF,mc,,,LS,,,,Y,,,,N,14423306399,6
NEU,SBS,mc,2,,WL,,,,N,,3a,,N,14770697772,2
BUB,SBS,dw,3,,LL,,,,N,,,,N,14423348650,6
NEU,BAFA,un,,,OW,,,,Y,,,,N,14770697772,6
KIM,ESSF,mk,,,WL,,a,,N,,3a,,N,14770697772,3
NEU,ESSF,mcp,,,FP,,,,Y,,,,Y,11816558217,5
KIM,CWH,ws,2,,UV,,,,N,,1,,N,14770697772,5
KIM,ESSF,mk,,,LL,,a,,N,,,,N,14770697772,6
KIM,MH,mmp,,,OW,,,,Y,,,,N,14770697772,5
BUB,SBS,dk,,,TC,,,,N,,,,N,14423348650,6
NEU,ESSF,mcp,,,LL,,,,N,,,,N,44312093315,6
BAU,SBS,dw,3,,LS,,,,N,,,,N,14423348650,6
NEU,ESSF,mcp,,,EF,,,,Y,2,7,C,Y,31018465321,5
KIM,MH,mm,2,,MF,,,,N,1,7a,,Y,3.39726E+11,5
NEU,SBS,mc,2,,WR,,a,,N,1,5,C,Y,44312093315,2
NEU,ESSF,mc,,,EF,,,,N,1,5,C,Y,1.47707E+11,5
NEU,SBS,dk,,,BB,,,,N,,3b,,N,14770697772,4
BAU,SBS,dw,3,,OW,,,,N,,,,N,14423348650,5
BAU,ESSF,mc,,,EF,,,,N,2,5,M,Y,14423348650,5
BAU,ESSF,mv,3,,EF,,,,N,3,7,C,Y,28846697300,5
BAU,ESSF,mv,3,,EF,,,,Y,3,4,C,Y,23077357840,5
NAU,SBPS,mc,,,WR,,a,,N,2,7a,,Y,2.51103E+11,1
NEU,BAFA,un,,,FP,,,,Y,,5,C,Y,44312093315,5
BAU,ESSF,mv,1,,EF,,,,Y,3,7,C,Y,43270045949,5
NAU,SBPS,mc,,,SL,,,,N,2,7a,,Y,3.10186E+11,5
BUB,SBS,dk,,,WR,,,,N,1,5,B,Y,21635022975,2
NEU,SBS,mc,2,,WL,,a,,N,,2b,,N,14770697772,1
BAU,SBS,mc,2,,LP,,,,N,2,5,C,Y,20192688110,5
BUB,SBS,dk,,,DF,,,,N,2,4,B,Y,1.29931E+11,5
KIM,ESSF,mk,,,EW,,,,Y,2,5,C,Y,44312093315,4
BUB,SBS,dw,3,,SF,,,,N,,5,C,Y,43270045949,5
NAU,SBPS,mc,,,LP,,,,N,2,4,C,Y,1.5657E+11,4
NAU,SBPS,mc,,,SL,,,,N,1,5,C,Y,5908305641,5
BUB,ESSF,mc,,,EF,,,,N,1,7,C,Y,3.24262E+11,5
BAU,SBS,mc,2,,BB,,a,,N,,2,,N,43270045949,3
BUB,SBS,dw,3,,SL,,,,N,3,5,B,Y,28846697300,5
KIM,MH,mm,2,,MF,,,,N,3,5,C,Y,14770697772,5
BUB,SBS,mc,2,,SL,,,,N,,7a,,Y,88624584611,4
BUB,SBS,dk,,,SF,,,,N,1,5,B,Y,17724837326,4
BAU,ESSF,mv,1,,EF,,,,N,2,5,B,Y,10096344055,5
BAU,SBS,dk,,,WR,,a,,N,,2,,Y,57693394599,1
NEU,SBS,dk,,,WR,,a,,N,1,5,M,Y,29541395544,2
BUB,SBS,mc,2,,SF,,,,N,1,4,B,Y,28846697300,4
BUB,SBS,dw,3,,SL,,,,N,3,5,C,Y,14423348650,5
KIM,ESSF,mk,,,EW,,,,Y,2,4,C,Y,73853488859,5
BUB,SBS,mc,2,,SF,,,,N,2,5,M,Y,14423306399,4
BAU,SBS,mc,2,,SF,,,,N,,7a,,Y,43270045949,4
BUB,SBS,dk,,,WR,,a,,N,1,4,M,Y,73853754179,3
KIM,ESSF,mkp,,,WB,,,,Y,2,7,C,Y,26587255989,4
BUB,SBS,dk,,,SL,,,,N,,5,B,Y,86540091899,5
BAU,ESSF,mvp,,,FP,,,,Y,1,4,C,Y,7211674325,5
BAU,SBS,dk,,,WR,,a,,N,3,5,M,Y,14423348650,3
BAU,SBS,mc,2,,LP,,,,N,,2,,Y,60578064329,4
NAU,SBPS,mc,,,LP,,,,N,2,5,B,Y,14770764102,4
BUB,SBS,mc,2,,SL,,a,,N,,2,,Y,59083056408,4
KIM,MH,mm,2,,MF,,,,N,3,4,C,Y,59082791087,5
NEU,ESSF,mc,,,ER,,a,,N,1,7a,,Y,29541395544,1
BUB,SBS,dk,,,DF,,,,N,3,4,M,Y,28846612798,5
KIM,MH,mm,2,,AV,,,,N,,3a,,N,14770697772,4
BAU,ESSF,mv,3,,EF,,,,N,2,4,C,Y,86540091899,5
BUB,SBS,mc,2,,WR,,a,,N,1,7a,,Y,14770764102,1
KIM,ESSF,mk,,,EW,,,,N,2,4,C,Y,1.32936E+11,5
BAU,ESSF,mv,3,,RO,,,,Y,,1,,N,50481720274,5
NEU,SBS,mc,2,,SF,,,,N,3,4,C,Y,64991070196,5
BAU,SBS,dk,,,SL,,,,N,4,7a,,Y,1.7308E+11,5
KIM,BAFA,unp,,,HP,,,,N,,3b,,Y,14770697772,5
KIM,ESSF,mk,,,AV,,,,N,,3a,,N,69422279527,4
KIM,ESSF,mk,,,TA,,,,Y,,1,,N,29541395544,6
BUB,SBS,dk,,,WR,,,,N,,5,M,Y,5769339460,3
BUB,SBS,dk,,,SL,,a,,N,,2,,Y,29541528204,4
BAU,SBS,dk,,,WR,,a,,N,3,7a,,Y,14423348650,1
BUB,SBS,mc,2,,SF,,,,N,1,4,M,Y,14423348650,4
BAU,SBS,mc,2,,SF,,a,,N,,2,,Y,11538678920,4
NEU,ESSF,mcp,,,FP,,,,Y,1,5,C,Y,23633116435,5
NEU,ESSF,mc,,,EF,,,,N,2,4,M,Y,14770697772,5
BAU,SBS,mc,2,,SF,,,,N,,4,B,Y,28846697300,4
BAU,ESSF,mv,3,,EF,,,,N,3,4,C,Y,57693394599,5
NEU,BAFA,un,,,FP,,,,Y,,3b,,Y,1.32936E+11,5
BAU,SBS,mc,2,,SF,,a,,N,2,5,C,Y,11538678920,4
KIM,BAFA,un,,,AU,,a,,Y,,1a,,N,14770697772,6
BAU,ESSF,mv,1,,EF,,,,N,3,7,M,Y,14423348650,5
KIM,ESSF,mk,,,EW,,a,,N,,3c,,Y,44312093315,5
BUB,SBS,dk,,,WR,,,,N,,4,B,Y,11538678920,3
BAU,ESSF,mv,3,,EF,,a,,N,,2,,Y,14423348650,4
KIM,ESSF,mk,,,EW,,a,,N,1,4,C,Y,13293627995,4
NEU,SBS,dk,,,BB,,,,N,,2,,N,88624252961,3
BAU,ESSF,mc,,,EF,,,,N,2,7,B,Y,72116743249,5
KIM,CWH,ws,2,,FR,,,,N,4,7a,,Y,44312093315,5
NEU,ESSF,mk,,,EW,,a,,Y,1,5,C,Y,73853488859,4
BAU,SBS,dk,,,DF,,,,N,3,4,M,Y,49039385409,5
BAU,SBS,dk,,,SF,,,,N,2,7a,,Y,28846697300,4
BUB,ESSF,mv,1,,EF,,,,N,1,5,C,Y,1.03395E+11,5
BUB,SBS,dk,,,SF,,,,N,1,4,B,Y,26587255989,5
BAU,ESSF,mv,1,,EF,,,,N,3,5,C,Y,43270045949,5
BUB,ESSF,mc,,,BG,,,,N,,2,,N,57693225595,5
NEU,ESSF,mk,,,EW,,,,Y,,3c,,Y,44312093315,5
KIM,MH,mm,2,,MF,,a,,N,2,5,C,Y,10339488440,5
BAU,ESSF,mv,1,,EF,,,,N,1,7,M,Y,86540091899,5
BAU,ESSF,mc,,,EF,,,,Y,,3b,,Y,20192628958,5
NAU,SBPS,mc,,,LP,,,,N,2,4,M,Y,44312292306,4
BUB,SBS,dw,3,,SL,,,,N,3,5,M,Y,28846697300,5
BAU,ESSF,mc,,,EF,,,,N,1,5,B,Y,14423348650,5
NEU,ESSF,mk,,,EW,,,,Y,1,5,C,Y,1.18166E+11,4
NAU,SBPS,mc,,,SL,,,,N,3,7a,,Y,44312292306,5
KIM,ESSF,mk,,,EW,,,,N,2,5,C,Y,44312093315,4
BUB,ESSF,mv,1,,EF,,,,N,1,7,M,Y,29541528204,5
NEU,SBS,mc,2,,SL,,,,N,3,4,C,Y,14770697772,5
BUB,SBS,dk,,,WR,,,,N,,4,M,Y,28846697300,3
BAU,ESSF,mc,,,EF,,,,N,3,5,M,Y,24519692705,5
KIM,ESSF,mkp,,,WP,,,,N,1,7,C,Y,26587255989,5
NEU,SBS,mc,2,,SL,,,,N,1,4,M,Y,14770697772,5
NEU,ESSF,mc,,,EF,,,,N,2,7,M,Y,29541395544,5
BAU,SBS,mc,2,,WR,,a,,N,1,4,M,Y,14423348650,3
KIM,CWH,ws,2,,AV,,,,N,,3a,,N,14770697772,3
NEU,ESSF,mc,,,BG,,,,N,,2,,N,29541395544,5
BAU,SBS,mc,2,,SF,,,,N,,5,M,Y,14423306399,4
BUB,SBS,dk,,,DF,,a,,N,2,7a,,Y,20679069743,5
NEU,ESSF,mc,,,EF,,,,Y,2,5,C,Y,1.00441E+11,5
BAU,ESSF,mv,1,,EF,,,,N,3,7,B,Y,14423348650,5
BUB,SBS,dk,,,WR,,,,N,,4,C,Y,17308018380,3
KIM,MH,mm,2,,MF,,a,,N,2,4,C,Y,14770697772,5
BAU,SBS,dk,,,SF,,,,N,,3b,,Y,14423348650,5
BAU,SBS,mc,2,,SL,,,,N,2,4,B,Y,72116743249,5
KIM,ESSF,mk,,,WL,,,,N,,2b,,N,59082791087,3
NEU,SBS,dk,,,WR,,a,,N,1,7a,,Y,14770697772,1
NAU,SBPS,mc,,,MS,,,,N,,2b,,N,76807973330,4
BAU,ESSF,mv,1,,EF,,,,N,2,7,M,Y,10096344055,5
NEU,ESSF,mcp,,,EF,,,,Y,2,5,C,Y,31018465321,5
NEU,ESSF,mc,,,EF,,,,Y,2,4,C,Y,14770697772,5
NEU,ESSF,mc,,,EF,,,,Y,3,5,B,Y,14770697772,5
NAU,SBPS,mc,,,SL,,,,N,2,4,C,Y,14770764102,5
BUB,SBS,dk,,,WR,,a,,N,2,5,B,Y,14770764102,2
BAU,SBS,dk,,,SL,,,,N,2,5,B,Y,14423348650,5
BAU,ESSF,mv,3,,EF,,,,N,3,5,C,Y,14423348650,5
KIM,ESSF,mkp,,,WB,,,,Y,2,5,C,Y,8862418663,5
BUB,SBS,dk,,,DF,,,,N,3,5,C,Y,29541528204,5
BUB,SBS,dk,,,DF,,a,,N,,3c,,Y,10339534871,5
BUB,SBS,dk,,,UV,,a,,N,,1,,N,14770764102,4
BUB,ESSF,mv,1,,EF,,,,N,3,5,M,Y,25962027570,5
KIM,CWH,ws,2,,AV,,,,N,,2b,,N,29541395544,2
BUB,SBS,dk,,,WR,,,,N,,5,B,Y,43270045949,3
BUB,SBS,dk,,,DF,,,,N,3,5,B,Y,43269919196,5
BAU,ESSF,mv,3,,BG,,,,N,,2,,N,14423348650,5
NEU,SBS,dk,,,SL,,,,N,1,5,M,Y,14770697772,5
NEU,SBS,mc,2,,WR,,a,,N,1,7a,,Y,14770697772,1
BUB,SBS,dk,,,WR,,a,,N,1,4,C,Y,44312292306,3
BAU,SBS,dk,,,WL,,a,,N,,2b,,N,14423348650,1
NEU,ESSF,mc,,,EF,,,,Y,3,5,M,Y,14770697772,5
NEU,SBS,dk,,,SL,,,,N,2,4,C,Y,14770764102,5
NEU,ESSF,mc,,,EF,,,,Y,1,4,C,Y,14770697772,5
BUB,SBS,dk,,,WR,,a,,N,,4,M,Y,14770764102,3
NAU,SBPS,mc,,,WR,,a,,N,2,4,M,Y,14770764102,3
BUB,SBS,dk,,,DF,,,,N,3,4,B,Y,14770764102,5
BAU,ESSF,mv,1,,EF,,,,N,2,5,M,Y,10096344055,5
BAU,SBS,dk,,,WR,,a,,N,2,5,C,Y,14423348650,2
KIM,CWH,ws,2,,FR,,,,N,3,4,C,Y,29541395544,5
BUB,SBS,dk,,,DF,,a,,N,2,4,C,Y,10339534871,5
BUB,SBS,dw,3,,SF,,,,N,2,7a,,Y,28846697300,4
BUB,SBS,dk,,,SL,,,,N,,5,M,Y,28846697300,5
BUB,SBS,dk,,,DF,,,,N,3,5,M,Y,28846612798,5
NEU,ESSF,mc,,,EF,,,,Y,3,7,C,Y,29541395544,5
NEU,ESSF,mc,,,EF,,,,Y,3,5,C,Y,14770697772,5
NEU,ESSF,mc,,,TA,,,,Y,,1,,N,14770697772,6
KIM,ESSF,mk,,,WB,,,,Y,1,4,C,Y,29541395544,5
BAU,SBS,mc,2,,TA,,,,N,,1,,N,14423348650,5
NEU,SBS,mc,2,,SL,,,,N,3,5,C,Y,14770697772,5
NAU,SBPS,mc,,,LP,,,,N,2,5,M,Y,44312292306,4
KIM,CWH,ws,2,,FR,,,,N,3,5,C,Y,14770697772,5
BAU,ESSF,mv,3,,EF,,,,Y,,3b,,Y,11538678920,5
NEU,BAFA,un,,,FP,,,,Y,,4,C,Y,14770697772,5
BAU,ESSF,mv,3,,EF,,,,Y,3,5,C,Y,11538678920,5
BUB,SBS,dk,,,WR,,a,,N,3,7a,,Y,14423306399,1
NEU,SBS,mc,2,,BB,,,,N,,2,,N,29541395544,3
BAU,SBS,wk,3,,BB,,,,N,,2,,N,14423348650,3
BAU,SBS,dk,,,SL,,,,N,4,5,B,Y,14423348650,5
NEU,ESSF,mc,,,EF,,a,,N,2,7,C,Y,14770697772,5
BAU,ESSF,mv,1,,BG,,,,N,,2,,N,14423348650,5
KIM,BAFA,unp,,,HP,,,,Y,1,4,C,Y,14770697772,5
KIM,ESSF,mkp,,,WP,,,,Y,,,,Y,14770697772,5
BAU,SBS,wk,3,,SF,,,,N,,7a,,Y,10096344055,4
BUB,SBS,dk,,,WL,,,,N,,,,N,3.16385E+12,1
BAU,SBS,mc,2,,SL,,,,N,,,,Y,4.89427E+13,4
BUB,SBS,mc,2,,SL,,,,N,,,,Y,1.25749E+13,4
BUB,SBS,mc,2,,TC,,,,N,,,,N,73506362806,6
BUB,SBS,dk,,,LP,,,,N,,,,Y,3.60871E+12,5
BUB,SBS,dk,,,SL,,,,N,,,,Y,5.72094E+12,5
BAU,SBS,mc,2,,SL,,,,N,,2b,,Y,3.22939E+12,4
BAU,SBS,wk,3,,SL,,,,N,,,,Y,2.18946E+12,4
BUB,SBS,dk,,,SL,,,,N,,2b,,Y,2.95608E+11,5
BAU,SBS,mc,2,,SF,,,,N,,2b,,Y,2.39428E+11,4
BAU,SBS,mc,2,,WL,,,,N,,,,N,1.19137E+12,1
BUB,SBS,dk,,,LP,,a,,N,,,,Y,38403986665,4
BAU,SBS,mc,2,,SL,,,,N,,3a,,Y,1.14666E+12,4
BUB,SBS,mc,2,,WL,,,,N,,,,N,1.2112E+11,1
BUB,SBS,dw,3,,TC,,,,N,,,,N,2884669730,6
BUB,SBS,mc,2,,LP,,,,N,,,,Y,2.01473E+12,4
BUB,SBS,dk,,,RO,,,,N,,,,N,6.64684E+11,5
BUB,SBS,dk,,,WL,,,,N,,2,,N,4.02411E+11,1
NEU,ESSF,mc,,,EF,,,,N,,,,Y,6.15793E+12,5
BUB,SBS,dk,,,TC,,,,N,,,,N,1.53999E+11,6
BAU,SBS,mc,2,,SF,,,,N,,3a,,Y,37500706489,4
BAU,ESSF,mc,,,EF,,,,N,,,,Y,7.39918E+11,5
BAU,SBS,mc,2,,TC,,,,N,,,,N,2.19235E+11,6
BUB,SBS,dk,,,WL,,,,N,,3c,,N,1.93273E+11,3
BUB,SBS,dk,,,WL,,,,N,,4,,N,1.02406E+11,3
BUB,SBS,mc,2,,RO,,,,N,,,,N,2.74736E+11,5
BUB,SBS,dk,,,CF,,,,N,,,,N,4.72662E+11,4
BUB,SBS,dk,,,SL,,,,N,,3a,,Y,1.93567E+11,5
BAU,SBS,dk,,,WL,,,,N,,,,N,1.18271E+11,1
BAU,SBS,mc,2,,WR,,,,N,,,,Y,64905068924,1
NEU,ESSF,mc,,,WL,,,,N,,,,N,8.09436E+11,3
NEU,ESSF,mc,,,EF,,,,N,,2b,,Y,2.12699E+11,5
NEU,SBS,mc,2,,WL,,,,N,,,,N,2.45194E+12,1
BAU,ESSF,mv,1,,WL,,,,N,,,,N,10096344055,3
BAU,SBS,wk,3,,TC,,,,N,,,,N,5769339460,6
BAU,ESSF,mv,1,,FP,,,,N,,,,Y,7.05302E+11,5
BAU,SBS,dk,,,LP,,,,N,,,,Y,1.21733E+12,5
BAU,SBS,mc,2,,SF,,,,N,,,,Y,3.50487E+11,4
BAU,ESSF,mc,,,WL,,,,N,,,,N,4.15392E+11,3
BUB,SBS,dk,,,WL,,,,N,,5,,N,95194101089,3
NEU,SBS,mc,2,,TC,,,,N,,,,N,8862418663,6
NEU,SBS,mc,2,,SL,,,,N,,,,Y,2.11635E+13,4
KIM,MH,mm,2,,UV,,,,N,,,,N,2.12698E+11,5
BAU,SBS,mc,2,,WL,,a,,N,,,,N,1442334865,1
NAU,SBPS,mc,,,WL,,,,N,,,,N,6.02647E+11,2
NAU,SBPS,mc,,,LP,,,,N,,3a,,Y,1.8168E+11,4
KIM,ESSF,mk,,,WL,,,,N,,,,N,1.63955E+11,3
NEU,BAFA,un,,,AT,,,,Y,,,,N,4.43121E+11,5
NEU,ESSF,mc,,,EF,,,,Y,,,,Y,5.61287E+11,5
KIM,MH,mm,2,,AV,,,,N,,,,N,5.21406E+11,4
KIM,ESSF,mkp,,,SM,,,,Y,,,,N,5.55378E+11,4
BUB,SBS,dk,,,WL,,a,,N,,,,N,2884669730,1
NEU,BAFA,un,,,AG,,,,Y,,,,N,4.44598E+11,5
NEU,ESSF,mcp,,,SM,,,,Y,,,,N,5.36176E+11,4
NAU,SBPS,mc,,,SL,,,,N,,,,Y,9.80774E+11,5
BAU,ESSF,mv,3,,FP,,,,N,,,,Y,2.6539E+11,5
BUB,ESSF,mv,1,,LP,,,,N,,,,Y,66347403789,5
BUB,SBS,dk,,,WL,,,,N,,7a,,N,1.64426E+11,2
KIM,ESSF,mk,,,AV,,,,N,,,,N,6.75021E+11,4
NEU,BAFA,un,,,GL,,,,Y,,,,N,44312093315,6
NAU,SBPS,mc,,,LP,,,,N,,2b,,Y,94532890252,4
NAU,SBPS,mc,,,MS,,,,N,,3a,,N,1.46231E+11,4
NEU,ESSF,mcp,,,RO,,,,Y,,,,N,2.09744E+11,5
NEU,ESSF,mc,,,FP,,,,N,,,,Y,7.2081E+11,5
BAU,ESSF,mc,,,RO,,,,Y,,,,N,3.5914E+11,5
KIM,ESSF,mk,,,WB,,,,N,,,,Y,3.58928E+11,4
KIM,MH,mm,2,,WL,,,,N,,,,N,28064325766,3
NEU,ESSF,mc,,,AV,,,,N,,,,N,88624186631,4
KIM,ESSF,mkp,,,AV,,,,N,,,,N,2.54056E+11,4
NEU,BAFA,un,,,AU,,,,Y,,,,N,4.19488E+11,6
BAU,ESSF,mvp,,,EF,,,,Y,,,,Y,2.88467E+11,5
KIM,ESSF,mk,,,EW,,,,N,,,,Y,5.28791E+11,4
NEU,SBS,mc,2,,SF,,,,N,,2b,,Y,7.08993E+11,4
KIM,MH,mm,2,,AV,,,,N,,3,,N,1.15211E+11,4
NEU,ESSF,mcp,,,WL,,,,Y,,,,N,5.55378E+11,3
NEU,ESSF,mc,,,WL,,,,Y,,,,N,5.81965E+11,3
NEU,BAFA,unp,,,AU,,,,Y,,,,N,1.3589E+11,6
NEU,ESSF,mcp,,,EF,,,,Y,,,,Y,1.38845E+11,5
KIM,CMA,unp,,,GL,,,,Y,,,,N,31018465321,6
NEU,SBS,mc,2,,SF,,,,N,,3a,,Y,1.58046E+11,4
BUB,SBS,mc,2,,SF,,,,N,,3a,,Y,29541528204,4
BUB,ESSF,mc,,,WL,,,,Y,,,,N,30288943437,3
KIM,ESSF,mk,,,AV,,a,,N,,,,N,16247767549,3
BAU,SBS,mc,2,,RO,,,,N,,,,N,77886082709,5
KIM,ESSF,mk,,,EF,,,,N,,,,Y,2.18606E+11,5
KIM,CMA,un,,,AT,,,,Y,,,,N,1.19643E+11,5
NEU,ESSF,mcp,,,FP,,,,Y,,,,Y,17724837326,5
BAU,BAFA,un,,,AT,,,,Y,,,,N,50481720274,5
BAU,SBS,dk,,,TC,,,,N,,,,N,5769339460,6
BAU,ESSF,mv,3,,AV,,,,Y,,,,N,31731367030,4
BAU,ESSF,mv,3,,WL,,,,N,,,,N,43270045949,3
KIM,MH,mm,2,,RO,,,,N,,,,N,35449674652,5
KIM,BAFA,un,,,GL,,,,Y,,,,N,48743302647,6
KIM,ESSF,mk,,,EW,,a,,N,,,,Y,5908279109,4
KIM,BAFA,un,,,AT,,,,Y,,,,N,1.69863E+11,5
KIM,BAFA,un,,,AG,,,,Y,,,,N,64991070196,5
NAU,SBPS,mc,,,WL,,,,N,,3b,,N,35449833845,3
NEU,ESSF,mcp,,,WL,,,,N,,,,N,2954139554,3
BAU,ESSF,mv,3,,WL,,,,Y,,,,N,46154715679,3
KIM,BAFA,unp,,,GL,,,,Y,,,,N,22156046658,6
BAU,ESSF,mvp,,,FP,,,,Y,,,,Y,80770752439,5
BAU,ESSF,mvp,,,SM,,,,Y,,,,N,8654009190,4
KIM,CMA,unp,,,AT,,,,Y,,,,N,20678976881,5
KIM,MH,mm,2,,AV,,a,,N,,,,N,28064325766,3
BAU,ESSF,mv,3,,EF,,,,Y,,,,Y,21635022975,5
BAU,ESSF,mv,3,,TC,,,,N,,,,N,2884669730,6
BAU,SBS,mc,2,,SL,,a,,N,,,,Y,5769339460,4
BUB,SBS,mc,2,,SF,,,,N,,2b,,Y,5908305641,4
KIM,CWH,ws,2,,FR,,,,N,,,,Y,29541395544,4
KIM,BAFA,unp,,,AM,,,,Y,,,,N,4431209332,5
BUB,SBS,dk,,,WR,,,,N,1,6,B,Y,12981013785,1
BUB,SBS,dk,,,WR,,,,N,1,6,C,Y,1442334865,1
BUB,SBS,dk,,,WR,,,,N,1,6,M,Y,27404362435,1
BUB,SBS,dk,,,SL,,,,N,1,6,C,Y,14423348650,5
BUB,SBS,dk,,,WR,,,,N,1,6,,Y,14423348650,1
BUB,SBS,dk,,,SL,,,,N,1,6,,Y,23077357840,5
BUB,SBS,dk,,,SL,,,,N,1,6,M,Y,8654009190,5
BUB,SBS,dk,,,SL,,,,N,1,6,B,Y,11538678920,5
BUB,SBS,dk,,,SL,,,,N,1,2,,Y,0,4
BUB,SBS,dk,,,SL,,,,N,,2,,Y,0,5
BAU,SBS,mc,2,,SF,,,,N,1,2,,Y,0,4
BUB,SBS,mc,2,,SL,,,,N,2,2,,Y,0,4
BUB,SBS,mc,2,,SL,,,,N,1,2,,Y,0,4
BAU,SBS,mc,2,,SL,,,,N,3,2,,Y,0,4
BAU,SBS,mc,2,,SF,,,,N,2,2,,Y,0,4
BUB,SBS,mc,2,,SF,,,,N,1,2,,Y,0,4
BUB,SBS,dw,3,,SL,,,,N,2,2,,Y,0,5
BUB,SBS,dw,3,,SL,,,,N,1,2,,Y,0,4
BUB,SBS,dk,,,SL,,,,N,2,2,,Y,0,5
BAU,SBS,wk,3,,SF,,,,N,3,2,,Y,0,4
BUB,SBS,dk,,,SL,,,,N,3,2,,Y,0,5
BAU,SBS,mc,2,,SL,,,,N,1,2,,Y,0,4
BUB,SBS,dk,,,WR,,,,N,2,2,,Y,0,2
BUB,SBS,mc,2,,SF,,,,N,4,2,,Y,0,5
BUB,SBS,mc,2,,SF,,,,N,2,2,,Y,0,4
BUB,ESSF,mc,,,EF,,,,N,2,2,,Y,0,5
BAU,SBS,mc,2,,WR,,a,,N,1,2,,Y,0,1
BAU,ESSF,mc,,,EF,,,,N,1,2,,Y,0,4
BAU,SBS,mc,2,,SF,,,,N,3,2,,Y,0,4
BAU,SBS,mc,2,,SL,,,,N,2,2,,Y,0,4
BAU,ESSF,mc,,,EF,,,,N,2,2,,Y,0,5
BUB,SBS,dk,,,DF,,,,N,,2,,Y,0,5
BUB,SBS,mc,2,,DF,,,,N,1,2,,Y,0,5
BUB,SBS,mc,2,,SL,,,,N,3,2,,Y,0,4
BAU,SBS,mc,2,,SF,,,,N,,2,,Y,0,4
BAU,SBS,dk,,,SL,,,,N,1,2,,Y,0,4
BAU,SBS,dk,,,SL,,,,N,3,2,,Y,0,5
BAU,ESSF,mc,,,EF,,,,N,3,2,,Y,0,5
BAU,SBS,mc,2,,SL,,a,,N,1,2,,Y,0,4
BUB,SBS,dk,,,SL,,,,N,,2,,Y,0,5
BAU,SBS,mc,2,,WR,,a,,N,3,2,,Y,0,2
BUB,SBS,dw,3,,SF,,,,N,,2,,Y,0,4
BUB,SBS,dk,,,WR,,,,N,1,2,,Y,0,1
BUB,SBS,mc,2,,SF,,,,N,3,2,,Y,0,4
BUB,SBS,dk,,,SF,,,,N,1,2,,Y,0,4
BAU,ESSF,mv,1,,EF,,,,N,1,2,,Y,0,4
BAU,SBS,dw,3,,SL,,,,N,1,2,,Y,0,4
BUB,SBS,dk,,,DF,,,,N,1,2,,Y,0,5
BUB,ESSF,mc,,,EF,,,,N,1,2,,Y,0,4
BUB,SBS,dk,,,DF,,,,N,2,2,,Y,0,5
BAU,SBS,dk,,,DF,,,,N,3,2,,Y,0,5
BUB,SBS,mc,2,,SL,,,,N,,2,,Y,0,4
BAU,SBS,wk,3,,SF,,,,N,1,2,,Y,0,4
NEU,SBS,mc,2,,SL,,,,N,2,2,,Y,0,4
BUB,SBS,mc,2,,SL,,,,N,,2,,Y,0,4
NEU,ESSF,mc,,,EF,,,,N,1,2,,Y,0,4
NEU,ESSF,mc,,,EF,,,,N,2,2,,Y,0,5
BAU,SBS,wk,3,,SF,,,,N,,2,,Y,0,4
BAU,ESSF,mv,1,,EF,,,,N,3,2,,Y,0,5
BAU,SBS,dk,,,SL,,,,N,2,2,,Y,0,5
NEU,ESSF,mc,,,WL,,a,,N,,2b,,N,0,2
BUB,ESSF,mv,1,,EF,,,,N,1,2,,Y,0,4
NEU,SBS,dk,,,SL,,,,N,1,2,,Y,0,4
NEU,ESSF,mk,,,EW,,,,Y,1,2,,Y,0,4
NEU,ESSF,mcp,,,EF,,,,Y,1,2,,Y,0,4
NAU,SBPS,mc,,,LP,,,,N,2,2,,Y,0,4
BAU,ESSF,mv,3,,EF,,,,N,2,2,,Y,0,5
BUB,SBS,dk,,,DF,,,,N,3,2,,Y,0,5
NAU,SBPS,mc,,,LP,,,,N,1,2,,Y,0,4
NEU,ESSF,mc,,,EF,,,,Y,2,2,,Y,0,5
NEU,SBS,mc,2,,SF,,,,N,3,2,,Y,0,4
KIM,ESSF,mk,,,EW,,,,N,3,2,,Y,0,4
KIM,ESSF,mkp,,,WP,,,,Y,1,2,,Y,0,5
NAU,SBPS,mc,,,SL,,,,N,1,2,,Y,0,5
NEU,BAFA,un,,,FP,,,,Y,,2,,Y,0,5
NEU,SBS,mc,2,,SL,,,,N,1,2,,Y,0,4
NEU,SBS,mc,2,,SF,,,,N,1,2,,Y,0,4
BUB,SBS,dk,,,WR,,a,,N,2,2,,Y,0,1
NEU,SBS,mc,2,,WR,,a,,N,1,2,,Y,0,1
BUB,SBS,dk,,,SL,,,,N,4,2,,Y,0,5
KIM,MH,mm,2,,HP,,,,N,,2,,Y,0,5
BAU,ESSF,mv,1,,EF,,,,N,2,2,,Y,0,5
KIM,ESSF,mk,,,EW,,,,N,1,2,,Y,0,4
NAU,SBPS,mc,,,WL,,a,,N,,2b,,N,0,1
BUB,SBS,dk,,,WR,,,,N,,2,,Y,0,2
BAU,ESSF,mv,1,,EF,,,,N,,2,,Y,0,5
NAU,SBPS,mc,,,WR,,a,,N,2,2,,Y,0,1
BUB,SBS,dk,,,WR,,a,,N,1,2,,Y,0,1
KIM,MH,mm,2,,MF,,,,N,1,2,,Y,0,5
BUB,SBS,dk,,,WR,,,,N,,2,,Y,0,2
BUB,SBS,dw,3,,SL,,,,N,3,2,,Y,0,5
NEU,SBS,mc,2,,SF,,,,N,2,2,,Y,0,4
NEU,ESSF,mc,,,ER,,a,,N,2,2,,Y,0,1
NEU,SBS,mc,2,,SF,,,,N,,2,,Y,0,4
NEU,SBS,dk,,,SL,,,,N,2,2,,Y,0,5
BAU,ESSF,mc,,,EF,,,,Y,2,2,,Y,0,5
BUB,ESSF,mv,1,,EF,,,,N,3,2,,Y,0,5
NEU,ESSF,mc,,,EF,,,,Y,1,2,,Y,0,4
NEU,SBS,mc,2,,WR,,a,,N,2,2,,Y,0,1
BAU,SBS,mc,2,,LP,,,,N,2,2,,Y,0,4
KIM,ESSF,mk,,,EF,,,,N,3,2,,Y,0,5
NEU,ESSF,mc,,,EF,,,,Y,3,2,,Y,0,5
KIM,MH,mm,2,,MF,,,,N,2,2,,Y,0,5
NAU,SBPS,mc,,,SL,,,,N,2,2,,Y,0,5
KIM,MH,mm,2,,MF,,,,N,3,2,,Y,0,5
NEU,ESSF,mc,,,EF,,,,N,3,2,,Y,0,5
BUB,SBS,dk,,,WR,,a,,N,,2,,Y,0,1
KIM,MH,mm,2,,MF,,,,N,,2,,Y,0,5
KIM,ESSF,mk,,,EW,,,,N,2,2,,Y,0,4
NEU,SBS,mc,2,,SL,,,,N,3,2,,Y,0,4
NEU,BAFA,un,,,FP,,,,Y,2,2,,Y,0,5
KIM,ESSF,mk,,,WB,,,,Y,1,2b,,Y,0,4
BAU,SBS,dk,,,SL,,,,N,4,2,,Y,0,5
BAU,ESSF,mv,1,,EF,,,,Y,3,2,,Y,0,5
NAU,SBPS,mc,,,LP,,a,,N,1,2,,Y,0,4
KIM,ESSF,mkp,,,WP,,,,N,1,2,,Y,0,5
KIM,CWH,ws,2,,FR,,,,N,3,2,,Y,0,4
NEU,ESSF,mk,,,EW,,a,,Y,1,2,,Y,0,4
KIM,ESSF,mk,,,EW,,,,Y,2,2,,Y,0,4
NEU,ESSF,mcp,,,EF,,,,Y,2,2,,Y,0,5
NEU,ESSF,mk,,,WL,,a,,Y,,2b,,N,0,2
BAU,SBS,dk,,,WL,,,,N,,2b,,N,0,1
NEU,SBS,dk,,,WL,,a,,N,,2b,,N,0,1
BAU,SBS,mc,2,,WL,,a,,N,,2b,,N,0,1
NEU,ESSF,mc,,,WL,,,,Y,,2b,,N,0,3
KIM,CWH,ws,2,,WL,,,,N,,2b,,N,0,1
KIM,ESSF,mk,,,WL,,a,,N,,2b,,N,0,2
BAU,ESSF,mv,3,,EF,,,,N,3,2,,Y,0,5
BAU,ESSF,mv,3,,EF,,,,Y,3,2,,Y,0,5
NEU,SBS,dk,,,WR,,a,,N,1,2,,Y,0,1
BAU,SBS,mc,2,,SF,,,,N,,2,,Y,0,4
KIM,ESSF,mkp,,,WB,,,,Y,2,2b,,Y,0,4
BAU,ESSF,mvp,,,FP,,,,Y,1,2,,Y,0,5
BAU,SBS,dk,,,WR,,a,,N,3,2,,Y,0,2
NEU,ESSF,mc,,,ER,,a,,N,1,2,,Y,0,1
BUB,SBS,mc,2,,WR,,a,,N,1,2,,Y,0,1
NEU,ESSF,mcp,,,FP,,,,Y,1,2,,Y,0,5
BAU,SBS,mc,2,,SF,,a,,N,2,2,,Y,0,4
KIM,ESSF,mk,,,EW,,a,,N,1,2,,Y,0,4
KIM,CWH,ws,2,,FR,,,,N,4,2,,Y,0,5
BAU,SBS,dk,,,SF,,,,N,2,2,,Y,0,4
KIM,MH,mm,2,,MF,,a,,N,2,2,,Y,0,5
NAU,SBPS,mc,,,SL,,,,N,3,2,,Y,0,5
BUB,SBS,dk,,,DF,,a,,N,2,2,,Y,0,5
BAU,SBS,dk,,,WR,,a,,N,2,2,,Y,0,1
BUB,SBS,dw,3,,SF,,,,N,2,2,,Y,0,4
BUB,SBS,dk,,,WR,,a,,N,3,2,,Y,0,2
NEU,ESSF,mc,,,EF,,a,,N,2,2,,Y,0,4
KIM,BAFA,unp,,,HP,,,,Y,1,2,,Y,0,5
BUB,SBS,dk,,,DF,,,,N,,3a,,Y,0,5
BUB,SBS,dk,,,WR,,,,N,,3a,,Y,0,2
NEU,SBS,dk,,,SL,,,,N,,3a,,Y,0,5
BUB,SBS,mc,2,,SL,,,,N,,3a,,Y,0,4
NEU,SBS,mc,2,,SL,,,,N,,3a,,Y,0,4
BUB,SBS,mc,2,,DF,,,,N,,3a,,Y,0,5
BUB,SBS,dk,,,SF,,,,N,,3a,,Y,0,4
BUB,SBS,dw,3,,SL,,,,N,,3a,,Y,0,5
BAU,ESSF,mv,1,,EF,,,,N,,3a,,Y,0,5
BAU,SBS,dk,,,SL,,,,N,,3a,,Y,0,5
BAU,SBS,dw,3,,SL,,,,N,,3a,,Y,0,5
BAU,SBS,wk,3,,SF,,,,N,,3a,,Y,0,4
BAU,ESSF,mv,3,,EF,,,,N,,3a,,Y,0,5
NAU,SBPS,mc,,,SL,,,,N,,3a,,Y,0,5
BUB,SBS,dk,,,WR,,a,,N,,3a,,Y,0,2
BUB,SBS,dk,,,DF,,a,,N,,3a,,Y,0,4
BUB,ESSF,mv,1,,EF,,,,N,,3a,,Y,0,5
BUB,SBS,dk,,,SL,,,,N,1,3a,,Y,0,5
BUB,SBS,dk,,,SL,,,,N,,3a,,Y,0,5
BAU,SBS,mc,2,,SF,,,,N,1,3a,,Y,0,4
BUB,SBS,mc,2,,SL,,,,N,2,3a,,Y,0,4
BUB,SBS,mc,2,,SL,,,,N,1,3a,,Y,0,4
BAU,SBS,mc,2,,SL,,,,N,3,3a,,Y,0,4
BAU,SBS,mc,2,,SF,,,,N,2,3a,,Y,0,4
BUB,SBS,mc,2,,SF,,,,N,1,3a,,Y,0,4
BUB,SBS,dw,3,,SL,,,,N,2,3a,,Y,0,5
BUB,SBS,dw,3,,SL,,,,N,1,3a,,Y,0,5
BUB,SBS,dk,,,SL,,,,N,2,3a,,Y,0,5
BAU,SBS,wk,3,,SF,,,,N,3,3a,,Y,0,4
BUB,SBS,dk,,,SL,,,,N,3,3a,,Y,0,5
BAU,SBS,mc,2,,SL,,,,N,1,3a,,Y,0,4
BUB,SBS,dw,3,,SF,,,,N,,3a,,Y,0,4
BAU,SBS,dk,,,DF,,,,N,,3a,,Y,0,5
BUB,SBS,dk,,,WR,,,,N,2,3a,,Y,0,2
BUB,SBS,mc,2,,SF,,,,N,4,3a,,Y,0,5
BUB,SBS,mc,2,,SF,,,,N,2,3a,,Y,0,4
BUB,ESSF,mc,,,EF,,,,N,2,3a,,Y,0,5
BAU,SBS,mc,2,,WR,,a,,N,1,3a,,Y,0,1
BAU,ESSF,mc,,,EF,,,,N,1,3a,,Y,0,5
BAU,SBS,mc,2,,SF,,,,N,3,3a,,Y,0,4
BAU,SBS,mc,2,,SL,,,,N,2,3a,,Y,0,4
BAU,ESSF,mc,,,EF,,,,N,2,3a,,Y,0,5
BUB,SBS,dk,,,DF,,,,N,,3a,,Y,0,5
BUB,SBS,mc,2,,DF,,,,N,1,3a,,Y,0,4
BUB,SBS,mc,2,,SL,,,,N,3,3a,,Y,0,4
BAU,SBS,mc,2,,SF,,,,N,,3a,,Y,0,4
BAU,SBS,dk,,,SL,,,,N,1,3a,,Y,0,5
BAU,SBS,dk,,,SL,,,,N,3,3a,,Y,0,5
BAU,ESSF,mc,,,EF,,,,N,3,3a,,Y,0,5
BAU,SBS,mc,2,,SL,,a,,N,1,3a,,Y,0,4
BUB,SBS,dk,,,SL,,,,N,,3a,,Y,0,5
BAU,SBS,mc,2,,WR,,a,,N,3,3a,,Y,0,2
BUB,SBS,dw,3,,SF,,,,N,,3a,,Y,0,4
BUB,SBS,dk,,,WR,,,,N,1,3a,,Y,0,2
BUB,SBS,mc,2,,SF,,,,N,3,3a,,Y,0,4
BUB,SBS,dk,,,SF,,,,N,1,3a,,Y,0,4
BUB,SBS,mc,2,,SL,,a,,N,,3a,,Y,0,4
BAU,SBS,mc,2,,SL,,a,,N,,3a,,Y,0,4
BAU,SBS,mc,2,,WR,,a,,N,,3a,,Y,0,2
BAU,SBS,dk,,,SF,,,,N,,3a,,Y,0,4
BAU,SBS,dk,,,WR,,a,,N,,3a,,Y,0,2
NEU,SBS,mc,2,,WR,,a,,N,,3a,,Y,0,2
BAU,SBS,wk,3,,WR,,a,,N,,3a,,Y,0,2
BAU,ESSF,mv,3,,EF,,,,Y,,3a,,Y,0,5
BUB,SBS,mc,2,,WR,,a,,N,,3a,,Y,0,2
BAU,ESSF,mv,1,,EF,,,,N,1,3a,,Y,0,5
BAU,SBS,dw,3,,SL,,,,N,1,3a,,Y,0,5
BUB,SBS,dk,,,DF,,,,N,1,3a,,Y,0,4
BUB,ESSF,mc,,,EF,,,,N,1,3a,,Y,0,5
BUB,SBS,dk,,,DF,,,,N,2,3a,,Y,0,5
BAU,SBS,dk,,,DF,,,,N,3,3a,,Y,0,5
BUB,SBS,mc,2,,SL,,,,N,,3a,,Y,0,4
BAU,SBS,wk,3,,SF,,,,N,1,3a,,Y,0,4
NEU,SBS,mc,2,,SL,,,,N,2,3a,,Y,0,4
BUB,SBS,mc,2,,SL,,,,N,,3a,,Y,0,4
NEU,ESSF,mc,,,EF,,,,N,1,3a,,Y,0,5
NEU,ESSF,mc,,,EF,,,,N,2,3a,,Y,0,5
BAU,SBS,wk,3,,SF,,,,N,,3a,,Y,0,4
BAU,ESSF,mv,1,,EF,,,,N,3,3a,,Y,0,5
BAU,SBS,dk,,,SL,,,,N,2,3a,,Y,0,5
NEU,ESSF,mc,,,EF,,,,Y,,3a,,Y,0,5
NEU,ESSF,mc,,,ER,,a,,N,,3a,,Y,0,2
KIM,ESSF,mk,,,EW,,,,N,,3a,,Y,0,4
KIM,MH,mm,2,,MF,,,,N,,3a,,Y,0,5
KIM,ESSF,mkp,,,WB,,,,Y,,3a,,Y,0,4
NEU,ESSF,mcp,,,EF,,,,Y,,3a,,Y,0,5
BUB,ESSF,mv,1,,EF,,,,N,1,3a,,Y,0,5
NEU,SBS,dk,,,SL,,,,N,1,3a,,Y,0,5
NEU,ESSF,mk,,,EW,,,,Y,1,3a,,Y,0,4
NEU,ESSF,mcp,,,EF,,,,Y,1,3a,,Y,0,5
KIM,CWH,ws,2,,FR,,,,N,,3a,,Y,0,4
NEU,ESSF,mk,,,EW,,,,Y,,3a,,Y,0,4
NAU,SBPS,mc,,,LP,,,,N,2,3a,,Y,0,4
BAU,ESSF,mv,3,,EF,,,,N,2,3a,,Y,0,5
BUB,SBS,dk,,,DF,,,,N,3,3a,,Y,0,5
NAU,SBPS,mc,,,LP,,,,N,1,3a,,Y,0,4
NEU,ESSF,mc,,,EF,,,,Y,2,3a,,Y,0,5
NEU,SBS,mc,2,,SF,,,,N,3,3a,,Y,0,4
KIM,ESSF,mk,,,EW,,,,Y,,3a,,Y,0,4
KIM,ESSF,mk,,,EW,,,,N,3,3a,,Y,0,4
NAU,SBPS,mc,,,SL,,,,N,1,3a,,Y,0,5
NEU,SBS,mc,2,,SL,,,,N,1,3a,,Y,0,4
NEU,SBS,mc,2,,SF,,,,N,1,3a,,Y,0,4
BUB,SBS,dk,,,WR,,a,,N,2,3a,,Y,0,2
NEU,SBS,mc,2,,WR,,a,,N,1,3a,,Y,0,1
NEU,ESSF,mc,,,EF,,a,,N,,3a,,Y,0,5
BUB,SBS,dk,,,SL,,,,N,4,3a,,Y,0,5
BUB,ESSF,mc,,,EF,,,,Y,,3a,,Y,0,5
BAU,ESSF,mc,,,EF,,,,Y,,3a,,Y,0,5
BAU,ESSF,mv,1,,EF,,,,N,2,3a,,Y,0,5
KIM,ESSF,mk,,,EW,,,,N,1,3a,,Y,0,4
BUB,SBS,dk,,,WR,,,,N,,3a,,Y,0,2
BAU,ESSF,mv,1,,EF,,,,N,,3a,,Y,0,5
BAU,ESSF,mv,1,,EF,,,,Y,,3a,,Y,0,5
NAU,SBPS,mc,,,WR,,a,,N,2,3a,,Y,0,2
BUB,SBS,dk,,,WR,,a,,N,1,3a,,Y,0,1
KIM,MH,mm,2,,MF,,,,N,1,3a,,Y,0,5
BUB,SBS,dk,,,WR,,,,N,,3a,,Y,0,2
BUB,SBS,dw,3,,SL,,,,N,3,3a,,Y,0,5
NEU,SBS,mc,2,,SF,,,,N,2,3a,,Y,0,4
NEU,ESSF,mc,,,ER,,a,,N,2,3a,,Y,0,2
NEU,SBS,mc,2,,SF,,,,N,,3a,,Y,0,4
NEU,SBS,dk,,,SL,,,,N,2,3a,,Y,0,5
KIM,ESSF,mk,,,EW,,a,,N,,3a,,Y,0,4
BAU,ESSF,mc,,,EF,,,,Y,2,3a,,Y,0,5
BUB,ESSF,mv,1,,EF,,,,N,3,3a,,Y,0,5
KIM,ESSF,mk,,,EF,,,,N,,3a,,Y,0,5
NEU,ESSF,mc,,,EF,,,,Y,1,3a,,Y,0,5
NEU,SBS,mc,2,,WR,,a,,N,2,3a,,Y,0,2
BAU,SBS,mc,2,,LP,,,,N,2,3a,,Y,0,4
KIM,ESSF,mk,,,WB,,,,Y,,3a,,Y,0,4
KIM,ESSF,mk,,,EF,,,,N,3,3a,,Y,0,5
NEU,ESSF,mc,,,EF,,,,Y,3,3a,,Y,0,5
KIM,MH,mm,2,,MF,,,,N,2,3a,,Y,0,5
KIM,MH,mm,2,,MF,,a,,N,,3a,,Y,0,5
NAU,SBPS,mc,,,SL,,,,N,2,3a,,Y,0,5
KIM,MH,mm,2,,MF,,,,N,3,3a,,Y,0,5
NEU,ESSF,mc,,,EF,,,,N,3,3a,,Y,0,5
NEU,SBS,dk,,,WR,,a,,N,,3a,,Y,0,2
BUB,SBS,dk,,,WR,,a,,N,,3a,,Y,0,2
KIM,MH,mm,2,,MF,,,,N,,3a,,Y,0,5
NAU,SBPS,mc,,,WR,,a,,N,,3a,,Y,0,2
KIM,ESSF,mk,,,EW,,,,N,2,3a,,Y,0,4
NEU,SBS,mc,2,,SL,,,,N,3,3a,,Y,0,4
KIM,ESSF,mk,,,WB,,,,Y,1,3a,,Y,0,4
NEU,ESSF,mk,,,EW,,a,,Y,,3a,,Y,0,4
BAU,SBS,dk,,,SL,,,,N,4,3a,,Y,0,5
NAU,SBPS,mc,,,WR,,,,N,,3a,,Y,0,2
KIM,ESSF,mk,,,AV,,a,,N,,3a,,N,0,4
BAU,ESSF,mv,1,,EF,,,,Y,3,3a,,Y,0,5
KIM,CWH,ws,2,,FR,,a,,N,,3a,,Y,0,4
NAU,SBPS,mc,,,LP,,a,,N,1,3a,,Y,0,4
KIM,CWH,ws,2,,FR,,,,N,3,3a,,Y,0,5
NEU,ESSF,mk,,,EW,,a,,Y,1,3a,,Y,0,4
KIM,ESSF,mk,,,EW,,,,Y,2,3a,,Y,0,4
NEU,ESSF,mcp,,,EF,,,,Y,2,3a,,Y,0,5
NAU,SBPS,mc,,,LP,,a,,N,,3a,,Y,0,4
BUB,SBS,dk,,,SL,,a,,N,,3a,,Y,0,5
BAU,ESSF,mv,3,,EF,,,,N,3,3a,,Y,0,5
BAU,ESSF,mv,3,,EF,,,,Y,3,3a,,Y,0,5
NEU,SBS,dk,,,WR,,a,,N,1,3a,,Y,0,1
BAU,SBS,mc,2,,SF,,,,N,,3a,,Y,0,4
KIM,ESSF,mkp,,,WB,,,,Y,2,3a,,Y,0,4
BAU,SBS,dk,,,WR,,a,,N,3,3a,,Y,0,2
BAU,SBS,mc,2,,LP,,,,N,,3a,,Y,0,4
NEU,ESSF,mc,,,ER,,a,,N,1,3a,,Y,0,1
BUB,SBS,mc,2,,WR,,a,,N,1,3a,,Y,0,1
BAU,SBS,mc,2,,SF,,a,,N,,3a,,Y,0,4
BAU,SBS,mc,2,,SF,,a,,N,2,3a,,Y,0,4
BAU,ESSF,mv,3,,EF,,a,,N,,3a,,Y,0,5
KIM,ESSF,mk,,,EW,,a,,N,1,3a,,Y,0,4
KIM,CWH,ws,2,,FR,,,,N,4,3a,,Y,0,5
BAU,SBS,dk,,,SF,,,,N,2,3a,,Y,0,4
KIM,MH,mm,2,,MF,,a,,N,2,3a,,Y,0,5
NAU,SBPS,mc,,,SL,,,,N,3,3a,,Y,0,5
BUB,SBS,dk,,,DF,,a,,N,2,3a,,Y,0,4
BAU,SBS,dk,,,WR,,a,,N,2,3a,,Y,0,2
BUB,SBS,dw,3,,SF,,,,N,2,3a,,Y,0,4
BUB,SBS,dk,,,WR,,a,,N,3,3a,,Y,0,2
NEU,ESSF,mc,,,EF,,a,,N,2,3a,,Y,0,5
NEU,SBS,dk,,,SL,,,,N,,3b,,Y,0,5
BUB,SBS,mc,2,,DF,,,,N,,3b,,Y,0,5
BUB,SBS,dk,,,SF,,,,N,,3b,,Y,0,5
BAU,SBS,dk,,,SL,,,,N,,3b,,Y,0,5
BAU,SBS,dw,3,,SL,,,,N,,3b,,Y,0,5
BAU,SBS,wk,3,,SF,,,,N,,3b,,Y,0,4
NAU,SBPS,mc,,,SL,,,,N,,3b,,Y,0,5
BUB,SBS,dk,,,WR,,a,,N,,3b,,Y,0,3
BUB,SBS,dk,,,DF,,a,,N,,3b,,Y,0,4
BUB,SBS,dk,,,SL,,,,N,1,3b,,Y,0,5
BUB,SBS,dk,,,SL,,,,N,,3b,,Y,0,5
BAU,SBS,mc,2,,SF,,,,N,1,3b,,Y,0,4
BUB,SBS,mc,2,,SL,,,,N,2,3b,,Y,0,4
BUB,SBS,mc,2,,SL,,,,N,1,3b,,Y,0,4
BAU,SBS,mc,2,,SL,,,,N,3,3b,,Y,0,5
BAU,SBS,mc,2,,SF,,,,N,2,3b,,Y,0,4
BUB,SBS,mc,2,,SF,,,,N,1,3b,,Y,0,4
BUB,SBS,dw,3,,SL,,,,N,2,3b,,Y,0,5
BUB,SBS,dw,3,,SL,,,,N,1,3b,,Y,0,5
BUB,SBS,dk,,,SL,,,,N,2,3b,,Y,0,5
BAU,SBS,wk,3,,SF,,,,N,3,3b,,Y,0,4
BUB,SBS,dk,,,SL,,,,N,3,3b,,Y,0,5
BAU,SBS,mc,2,,SL,,,,N,1,3b,,Y,0,4
BAU,SBS,dk,,,DF,,,,N,,3b,,Y,0,5
BUB,SBS,dk,,,WR,,,,N,2,3b,,Y,0,3
BUB,SBS,mc,2,,SF,,,,N,4,3b,,Y,0,5
BUB,SBS,mc,2,,SF,,,,N,2,3b,,Y,0,4
BAU,SBS,mc,2,,WR,,a,,N,1,3b,,Y,0,2
BAU,SBS,mc,2,,SF,,,,N,3,3b,,Y,0,4
BAU,SBS,mc,2,,SL,,,,N,2,3b,,Y,0,4
BUB,SBS,dk,,,DF,,,,N,,3b,,Y,0,5
BUB,SBS,mc,2,,DF,,,,N,1,3b,,Y,0,4
BUB,SBS,mc,2,,SL,,,,N,3,3b,,Y,0,5
BAU,SBS,mc,2,,SF,,,,N,,3b,,Y,0,4
BAU,SBS,dk,,,SL,,,,N,1,3b,,Y,0,5
BAU,SBS,dk,,,SL,,,,N,3,3b,,Y,0,5
BAU,SBS,mc,2,,SL,,a,,N,1,3b,,Y,0,4
BUB,SBS,dk,,,SL,,,,N,,3b,,Y,0,5
BAU,SBS,mc,2,,WR,,a,,N,3,3b,,Y,0,3
BUB,SBS,dw,3,,SF,,,,N,,3b,,Y,0,5
BUB,SBS,dk,,,WR,,,,N,1,3b,,Y,0,3
BUB,SBS,mc,2,,SF,,,,N,3,3b,,Y,0,4
BUB,SBS,dk,,,SF,,,,N,1,3b,,Y,0,4
BUB,SBS,mc,2,,SL,,a,,N,,3b,,Y,0,4
BAU,SBS,mc,2,,SL,,a,,N,,3b,,Y,0,4
BAU,SBS,mc,2,,WR,,a,,N,,3b,,Y,0,3
BAU,SBS,dk,,,WR,,a,,N,,3b,,Y,0,3
NEU,SBS,mc,2,,WR,,a,,N,,3b,,Y,0,3
BAU,SBS,wk,3,,WR,,a,,N,,3b,,Y,0,3
BUB,SBS,mc,2,,WR,,a,,N,,3b,,Y,0,3
BAU,SBS,dw,3,,SL,,,,N,1,3b,,Y,0,5
BUB,SBS,dk,,,DF,,,,N,1,3b,,Y,0,4
BUB,SBS,dk,,,DF,,,,N,2,3b,,Y,0,5
BAU,SBS,dk,,,DF,,,,N,3,3b,,Y,0,5
BUB,SBS,mc,2,,SL,,,,N,,3b,,Y,0,4
BAU,SBS,wk,3,,SF,,,,N,1,3b,,Y,0,4
NEU,SBS,mc,2,,SL,,,,N,2,3b,,Y,0,4
BUB,SBS,mc,2,,SL,,,,N,,3b,,Y,0,4
BAU,SBS,wk,3,,BB,,,,N,,3a,,N,0,4
BAU,SBS,wk,3,,SF,,,,N,,3b,,Y,0,4
BAU,SBS,dk,,,SL,,,,N,2,3b,,Y,0,5
NAU,SBPS,mc,,,LP,,,,N,,3b,,Y,0,4
NEU,SBS,mc,2,,SF,,,,N,,3b,,Y,0,4
NEU,ESSF,mc,,,ER,,a,,N,,3b,,Y,0,2
KIM,ESSF,mk,,,EW,,,,N,,3b,,Y,0,4
KIM,BAFA,unp,,,HP,,,,N,,3a,,Y,0,5
KIM,MH,mm,2,,HP,,,,N,,3a,,Y,0,5
KIM,MH,mm,2,,MF,,,,N,,3b,,Y,0,5
NEU,SBS,dk,,,SL,,,,N,1,3b,,Y,0,5
NEU,ESSF,mk,,,EW,,,,Y,1,3b,,Y,0,4
KIM,CWH,ws,2,,FR,,,,N,,3b,,Y,0,5
NEU,ESSF,mk,,,EW,,,,Y,,3b,,Y,0,4
NAU,SBPS,mc,,,LP,,,,N,2,3b,,Y,0,4
BUB,SBS,dk,,,DF,,,,N,3,3b,,Y,0,5
NAU,SBPS,mc,,,LP,,,,N,1,3b,,Y,0,4
NEU,SBS,mc,2,,SF,,,,N,3,3b,,Y,0,4
KIM,ESSF,mk,,,EW,,,,Y,,3b,,Y,0,4
KIM,ESSF,mk,,,EW,,,,N,3,3b,,Y,0,5
KIM,ESSF,mkp,,,WP,,,,Y,1,3a,,Y,0,5
NAU,SBPS,mc,,,SL,,,,N,1,3b,,Y,0,5
NEU,BAFA,un,,,FP,,,,Y,,3a,,Y,0,5
NEU,SBS,mc,2,,SL,,,,N,1,3b,,Y,0,4
NEU,SBS,mc,2,,SF,,,,N,1,3b,,Y,0,4
BUB,SBS,dk,,,WR,,a,,N,2,3b,,Y,0,3
NEU,SBS,mc,2,,WR,,a,,N,1,3b,,Y,0,2
BUB,SBS,dk,,,SL,,,,N,4,3b,,Y,0,5
KIM,MH,mm,2,,HP,,,,N,,3a,,Y,0,5
NEU,ESSF,mc,,,FP,,,,Y,,3a,,Y,0,5
BAU,ESSF,mvp,,,FP,,,,Y,,3a,,Y,0,5
KIM,ESSF,mk,,,EW,,,,N,1,3b,,Y,0,4
KIM,ESSF,mkp,,,WP,,,,N,,3a,,Y,0,5
KIM,ESSF,mkp,,,WP,,,,Y,,3a,,Y,0,5
BUB,SBS,dk,,,WR,,,,N,,3b,,Y,0,3
NAU,SBPS,mc,,,WR,,a,,N,2,3b,,Y,0,3
BUB,SBS,dk,,,WR,,a,,N,1,3b,,Y,0,2
KIM,MH,mm,2,,MF,,,,N,1,3b,,Y,0,5
BUB,SBS,dk,,,WR,,,,N,,3b,,Y,0,3
BUB,SBS,dw,3,,SL,,,,N,3,3b,,Y,0,5
NEU,SBS,mc,2,,SF,,,,N,2,3b,,Y,0,4
NEU,ESSF,mc,,,ER,,a,,N,2,3b,,Y,0,2
NEU,SBS,mc,2,,SF,,,,N,,3b,,Y,0,4
NEU,ESSF,mcp,,,FP,,,,Y,,3a,,Y,0,5
NEU,SBS,dk,,,SL,,,,N,2,3b,,Y,0,5
KIM,ESSF,mk,,,EW,,a,,N,,3b,,Y,0,4
NAU,SBPS,mc,,,BB,,,,N,,3a,,N,0,4
NEU,SBS,mc,2,,WR,,a,,N,2,3b,,Y,0,3
BAU,SBS,mc,2,,LP,,,,N,2,3b,,Y,0,5
KIM,BAFA,unp,,,HP,,,,Y,,3a,,Y,0,5
KIM,MH,mm,2,,MF,,,,N,2,3b,,Y,0,5
KIM,MH,mm,2,,MF,,a,,N,,3b,,Y,0,5
NAU,SBPS,mc,,,SL,,,,N,2,3b,,Y,0,5
KIM,MH,mm,2,,MF,,,,N,3,3b,,Y,0,5
NEU,SBS,dk,,,WR,,a,,N,,3b,,Y,0,3
BUB,SBS,dk,,,WR,,a,,N,,3b,,Y,0,3
KIM,MH,mm,2,,MF,,,,N,,3b,,Y,0,5
NAU,SBPS,mc,,,WR,,a,,N,,3b,,Y,0,3
KIM,ESSF,mk,,,EW,,,,N,2,3b,,Y,0,4
BAU,ESSF,mv,3,,FP,,,,Y,,3a,,Y,0,5
NEU,SBS,mc,2,,SL,,,,N,3,3b,,Y,0,5
NEU,BAFA,un,,,FP,,,,Y,2,3a,,Y,0,5
NEU,ESSF,mk,,,EW,,a,,Y,,3b,,Y,0,4
BAU,SBS,dk,,,SL,,,,N,4,3b,,Y,0,5
NAU,SBPS,mc,,,WR,,,,N,,3b,,Y,0,3
KIM,CWH,ws,2,,FR,,a,,N,,3b,,Y,0,4
NAU,SBPS,mc,,,LP,,a,,N,1,3b,,Y,0,4
KIM,ESSF,mkp,,,WP,,,,N,1,3a,,Y,0,5
KIM,CWH,ws,2,,FR,,,,N,3,3b,,Y,0,5
NEU,ESSF,mk,,,EW,,a,,Y,1,3b,,Y,0,4
KIM,ESSF,mk,,,EW,,,,Y,2,3b,,Y,0,4
NEU,BAFA,un,,,FP,,,,Y,,3a,,Y,0,5
NAU,SBPS,mc,,,LP,,a,,N,,3b,,Y,0,4
BUB,SBS,dk,,,SL,,a,,N,,3b,,Y,0,5
NEU,SBS,dk,,,BB,,,,N,,3a,,N,0,4
BAU,SBS,mc,2,,BB,,a,,N,,3a,,N,0,3
NEU,SBS,dk,,,WR,,a,,N,1,3b,,Y,0,2
BAU,SBS,mc,2,,SF,,,,N,,3b,,Y,0,4
BAU,ESSF,mvp,,,FP,,,,Y,1,3a,,Y,0,5
BAU,SBS,dk,,,WR,,a,,N,3,3b,,Y,0,3
BAU,SBS,mc,2,,LP,,,,N,,3b,,Y,0,5
NEU,ESSF,mc,,,ER,,a,,N,1,3b,,Y,0,2
BUB,SBS,mc,2,,WR,,a,,N,1,3b,,Y,0,2
BAU,SBS,mc,2,,SF,,a,,N,,3b,,Y,0,4
NEU,ESSF,mcp,,,FP,,,,Y,1,3a,,Y,0,5
BAU,SBS,mc,2,,SF,,a,,N,2,3b,,Y,0,4
KIM,ESSF,mk,,,EW,,a,,N,1,3b,,Y,0,4
KIM,CWH,ws,2,,FR,,,,N,4,3b,,Y,0,5
BAU,SBS,dk,,,SF,,,,N,2,3b,,Y,0,5
BUB,ESSF,mc,,,BG,,,,N,,3a,,N,0,5
KIM,MH,mm,2,,MF,,a,,N,2,3b,,Y,0,5
NAU,SBPS,mc,,,SL,,,,N,3,3b,,Y,0,5
NEU,ESSF,mc,,,BG,,,,N,,3a,,N,0,5
BUB,SBS,dk,,,DF,,a,,N,2,3b,,Y,0,4
BAU,ESSF,mv,3,,BG,,,,N,,3a,,N,0,5
BAU,SBS,dk,,,WR,,a,,N,2,3b,,Y,0,3
BUB,SBS,dw,3,,SF,,,,N,2,3b,,Y,0,5
BUB,SBS,dk,,,WR,,a,,N,3,3b,,Y,0,3
NEU,SBS,mc,2,,BB,,,,N,,3a,,N,0,4
BAU,ESSF,mv,1,,BG,,,,N,,3a,,N,0,5
KIM,BAFA,unp,,,HP,,,,Y,1,3a,,Y,0,5
BAU,SBS,dw,3,,SL,,,,N,,3c,,Y,0,5
NAU,SBPS,mc,,,SL,,,,N,,3c,,Y,0,5
BUB,ESSF,mv,1,,EF,,,,N,,3b,,Y,0,5
BUB,SBS,dk,,,SL,,,,N,1,3c,,Y,0,5
BUB,SBS,dk,,,SL,,,,N,,3c,,Y,0,5
BAU,SBS,mc,2,,SF,,,,N,1,3c,,Y,0,4
BUB,SBS,mc,2,,SL,,,,N,2,3c,,Y,0,5
BUB,SBS,mc,2,,SL,,,,N,1,3c,,Y,0,5
BAU,SBS,mc,2,,SL,,,,N,3,3c,,Y,0,5
BAU,SBS,mc,2,,SF,,,,N,2,3c,,Y,0,4
BUB,SBS,mc,2,,SF,,,,N,1,3c,,Y,0,4
BUB,SBS,dw,3,,SL,,,,N,2,3c,,Y,0,5
BUB,SBS,dw,3,,SL,,,,N,1,3c,,Y,0,5
BUB,SBS,dk,,,SL,,,,N,2,3c,,Y,0,5
BAU,SBS,wk,3,,SF,,,,N,3,3c,,Y,0,5
BUB,SBS,dk,,,SL,,,,N,3,3c,,Y,0,5
BAU,SBS,mc,2,,SL,,,,N,1,3c,,Y,0,5
BUB,SBS,dk,,,WR,,,,N,2,3c,,Y,0,3
BUB,SBS,mc,2,,SF,,,,N,4,3c,,Y,0,5
BUB,SBS,mc,2,,SF,,,,N,2,3c,,Y,0,4
BUB,ESSF,mc,,,EF,,,,N,2,3b,,Y,0,5
BAU,SBS,mc,2,,WR,,a,,N,1,3c,,Y,0,3
BAU,ESSF,mc,,,EF,,,,N,1,3b,,Y,0,5
BAU,SBS,mc,2,,SF,,,,N,3,3c,,Y,0,5
BAU,SBS,mc,2,,SL,,,,N,2,3c,,Y,0,5
BAU,ESSF,mc,,,EF,,,,N,2,3b,,Y,0,5
BUB,SBS,dk,,,DF,,,,N,,3c,,Y,0,5
BUB,SBS,mc,2,,DF,,,,N,1,3c,,Y,0,5
BUB,SBS,mc,2,,SL,,,,N,3,3c,,Y,0,5
BAU,SBS,mc,2,,SF,,,,N,,3c,,Y,0,4
BAU,SBS,dk,,,SL,,,,N,1,3c,,Y,0,5
BAU,SBS,dk,,,SL,,,,N,3,3c,,Y,0,5
BAU,ESSF,mc,,,EF,,,,N,3,3b,,Y,0,5
BAU,SBS,mc,2,,SL,,a,,N,1,3c,,Y,0,4
BUB,SBS,dk,,,SL,,,,N,,3c,,Y,0,5
BAU,SBS,mc,2,,WR,,a,,N,3,3c,,Y,0,3
BUB,SBS,dw,3,,SF,,,,N,,3c,,Y,0,5
BUB,SBS,dk,,,WR,,,,N,1,3c,,Y,0,3
BUB,SBS,mc,2,,SF,,,,N,3,3c,,Y,0,5
BUB,SBS,dk,,,SF,,,,N,1,3c,,Y,0,5
BAU,SBS,wk,3,,WR,,a,,N,,3c,,Y,0,3
BUB,SBS,mc,2,,WR,,a,,N,,3c,,Y,0,3
BAU,ESSF,mv,1,,EF,,,,N,1,3b,,Y,0,5
BAU,SBS,dw,3,,SL,,,,N,1,3c,,Y,0,5
BUB,SBS,dk,,,DF,,,,N,1,3c,,Y,0,5
BUB,ESSF,mc,,,EF,,,,N,1,3b,,Y,0,5
BUB,SBS,dk,,,DF,,,,N,2,3c,,Y,0,5
BAU,SBS,dk,,,DF,,,,N,3,3c,,Y,0,5
BUB,SBS,mc,2,,SL,,,,N,,3c,,Y,0,5
BAU,SBS,wk,3,,SF,,,,N,1,3c,,Y,0,4
NEU,SBS,mc,2,,SL,,,,N,2,3c,,Y,0,5
BUB,SBS,mc,2,,SL,,,,N,,3c,,Y,0,5
NEU,ESSF,mc,,,EF,,,,N,1,3b,,Y,0,5
NEU,ESSF,mc,,,EF,,,,N,2,3b,,Y,0,5
BAU,SBS,wk,3,,SF,,,,N,,3c,,Y,0,4
BAU,ESSF,mv,1,,EF,,,,N,3,3b,,Y,0,5
BAU,SBS,dk,,,SL,,,,N,2,3c,,Y,0,5
KIM,MH,mm,2,,HP,,,,N,,3b,,Y,0,5
BUB,ESSF,mv,1,,EF,,,,N,1,3b,,Y,0,5
NEU,SBS,dk,,,SL,,,,N,1,3c,,Y,0,5
NEU,ESSF,mk,,,EW,,,,Y,1,3c,,Y,0,5
NEU,ESSF,mcp,,,EF,,,,Y,1,3b,,Y,0,5
NAU,SBPS,mc,,,LP,,,,N,2,3c,,Y,0,4
BAU,ESSF,mv,3,,EF,,,,N,2,3b,,Y,0,5
BUB,SBS,dk,,,DF,,,,N,3,3c,,Y,0,5
NAU,SBPS,mc,,,LP,,,,N,1,3c,,Y,0,4
NEU,ESSF,mc,,,EF,,,,Y,2,3b,,Y,0,5
NEU,SBS,mc,2,,SF,,,,N,3,3c,,Y,0,5
KIM,ESSF,mk,,,EW,,,,Y,,3c,,Y,0,5
KIM,ESSF,mk,,,EW,,,,N,3,3c,,Y,0,5
KIM,ESSF,mkp,,,WP,,,,Y,1,3b,,Y,0,5
NAU,SBPS,mc,,,SL,,,,N,1,3c,,Y,0,5
NEU,BAFA,un,,,FP,,,,Y,,3b,,Y,0,5
NEU,SBS,mc,2,,SL,,,,N,1,3c,,Y,0,5
NEU,SBS,mc,2,,SF,,,,N,1,3c,,Y,0,4
BUB,SBS,dk,,,WR,,a,,N,2,3c,,Y,0,3
NEU,SBS,mc,2,,WR,,a,,N,1,3c,,Y,0,3
NEU,ESSF,mc,,,EF,,a,,N,,3b,,Y,0,5
BUB,SBS,dk,,,SL,,,,N,4,3c,,Y,0,5
KIM,MH,mm,2,,HP,,,,N,,3b,,Y,0,5
NEU,ESSF,mc,,,FP,,,,Y,,3b,,Y,0,5
BAU,ESSF,mv,1,,EF,,,,N,2,3b,,Y,0,5
BAU,ESSF,mvp,,,FP,,,,Y,,3b,,Y,0,5
KIM,ESSF,mk,,,EW,,,,N,1,3c,,Y,0,5
KIM,ESSF,mkp,,,WP,,,,N,,3b,,Y,0,5
BUB,SBS,dk,,,WR,,,,N,,3c,,Y,0,3
BAU,ESSF,mv,1,,EF,,,,N,,3b,,Y,0,5
BAU,ESSF,mv,1,,EF,,,,Y,,3b,,Y,0,5
NAU,SBPS,mc,,,WR,,a,,N,2,3c,,Y,0,3
BUB,SBS,dk,,,WR,,a,,N,1,3c,,Y,0,3
KIM,MH,mm,2,,MF,,,,N,1,3c,,Y,0,5
BUB,SBS,dk,,,WR,,,,N,,3c,,Y,0,3
BUB,SBS,dw,3,,SL,,,,N,3,3c,,Y,0,5
NEU,SBS,mc,2,,SF,,,,N,2,3c,,Y,0,4
NEU,ESSF,mc,,,ER,,a,,N,2,3c,,Y,0,3
NEU,SBS,mc,2,,SF,,,,N,,3c,,Y,0,4
NEU,SBS,dk,,,SL,,,,N,2,3c,,Y,0,5
BAU,ESSF,mc,,,EF,,,,Y,2,3b,,Y,0,5
BUB,ESSF,mv,1,,EF,,,,N,3,3b,,Y,0,5
KIM,ESSF,mk,,,EF,,,,N,,3b,,Y,0,5
NEU,ESSF,mc,,,EF,,,,Y,1,3b,,Y,0,5
NEU,SBS,mc,2,,WR,,a,,N,2,3c,,Y,0,3
BAU,SBS,mc,2,,LP,,,,N,2,3c,,Y,0,5
KIM,ESSF,mk,,,WB,,,,Y,,3b,,Y,0,5
KIM,ESSF,mk,,,EF,,,,N,3,3b,,Y,0,5
KIM,BAFA,unp,,,HP,,,,Y,,3b,,Y,0,5
NEU,ESSF,mc,,,EF,,,,Y,3,3b,,Y,0,5
KIM,MH,mm,2,,MF,,,,N,2,3c,,Y,0,5
KIM,MH,mm,2,,MF,,a,,N,,3c,,Y,0,5
NAU,SBPS,mc,,,SL,,,,N,2,3c,,Y,0,5
KIM,MH,mm,2,,MF,,,,N,3,3c,,Y,0,5
NEU,ESSF,mc,,,EF,,,,N,3,3b,,Y,0,5
NEU,SBS,dk,,,WR,,a,,N,,3c,,Y,0,3
BUB,SBS,dk,,,WR,,a,,N,,3c,,Y,0,3
KIM,MH,mm,2,,MF,,,,N,,3c,,Y,0,5
NAU,SBPS,mc,,,WR,,a,,N,,3c,,Y,0,3
KIM,ESSF,mk,,,EW,,,,N,2,3c,,Y,0,5
BAU,ESSF,mv,3,,FP,,,,Y,,3b,,Y,0,5
NEU,SBS,mc,2,,SL,,,,N,3,3c,,Y,0,5
NEU,BAFA,un,,,FP,,,,Y,2,3b,,Y,0,5
KIM,ESSF,mk,,,WB,,,,Y,1,3b,,Y,0,5
BAU,SBS,dk,,,SL,,,,N,4,3c,,Y,0,5
NAU,SBPS,mc,,,WR,,,,N,,3c,,Y,0,3
BAU,ESSF,mv,1,,EF,,,,Y,3,3b,,Y,0,5
KIM,CWH,ws,2,,FR,,a,,N,,3c,,Y,0,5
NAU,SBPS,mc,,,LP,,a,,N,1,3c,,Y,0,4
KIM,ESSF,mkp,,,WP,,,,N,1,3b,,Y,0,5
KIM,CWH,ws,2,,FR,,,,N,3,3c,,Y,0,5
NEU,ESSF,mk,,,EW,,a,,Y,1,3c,,Y,0,4
KIM,ESSF,mk,,,EW,,,,Y,2,3c,,Y,0,5
NEU,ESSF,mcp,,,EF,,,,Y,2,3b,,Y,0,5
NAU,SBPS,mc,,,LP,,a,,N,,3c,,Y,0,4
BUB,SBS,dk,,,SL,,a,,N,,3c,,Y,0,5
BAU,ESSF,mv,3,,EF,,,,N,3,3b,,Y,0,5
BAU,ESSF,mv,3,,EF,,,,Y,3,3b,,Y,0,5
NEU,SBS,dk,,,WR,,a,,N,1,3c,,Y,0,3
BAU,SBS,mc,2,,SF,,,,N,,3c,,Y,0,4
KIM,ESSF,mkp,,,WB,,,,Y,2,3b,,Y,0,5
BAU,ESSF,mvp,,,FP,,,,Y,1,3b,,Y,0,5
BAU,SBS,dk,,,WR,,a,,N,3,3c,,Y,0,3
BAU,SBS,mc,2,,LP,,,,N,,3c,,Y,0,5
NEU,ESSF,mc,,,ER,,a,,N,1,3c,,Y,0,3
BUB,SBS,mc,2,,WR,,a,,N,1,3c,,Y,0,3
BAU,SBS,mc,2,,SF,,a,,N,,3c,,Y,0,4
NEU,ESSF,mcp,,,FP,,,,Y,1,3b,,Y,0,5
BAU,SBS,mc,2,,SF,,a,,N,2,3c,,Y,0,4
BAU,ESSF,mv,3,,EF,,a,,N,,3b,,Y,0,5
KIM,ESSF,mk,,,EW,,a,,N,1,3c,,Y,0,4
KIM,CWH,ws,2,,FR,,,,N,4,3c,,Y,0,5
BAU,SBS,dk,,,SF,,,,N,2,3c,,Y,0,5
KIM,MH,mm,2,,MF,,a,,N,2,3c,,Y,0,5
NAU,SBPS,mc,,,SL,,,,N,3,3c,,Y,0,5
BUB,SBS,dk,,,DF,,a,,N,2,3c,,Y,0,5
BAU,SBS,dk,,,WR,,a,,N,2,3c,,Y,0,3
BUB,SBS,dw,3,,SF,,,,N,2,3c,,Y,0,5
BUB,SBS,dk,,,WR,,a,,N,3,3c,,Y,0,3
NEU,ESSF,mc,,,EF,,a,,N,2,3b,,Y,0,5
KIM,BAFA,unp,,,HP,,,,Y,1,3b,,Y,0,5
NEU,ESSF,mc,,,EF,,,,N,,4,C,Y,0,5
BUB,SBS,dk,,,SL,,,,N,,4,C,Y,0,5
BUB,SBS,dk,,,DF,,,,N,,4,C,Y,0,5
BUB,SBS,dk,,,WR,,,,N,,4,M,Y,0,3
BAU,SBS,mc,2,,SF,,,,N,,4,C,Y,0,4
NEU,SBS,dk,,,SL,,,,N,,4,C,Y,0,5
BUB,SBS,mc,2,,SL,,,,N,,4,C,Y,0,5
BUB,ESSF,mc,,,EF,,,,N,,4,C,Y,0,5
NEU,SBS,mc,2,,SL,,,,N,,4,C,Y,0,5
BUB,SBS,mc,2,,SF,,,,N,,4,C,Y,0,4
BUB,SBS,mc,2,,DF,,,,N,,4,C,Y,0,5
BUB,SBS,dk,,,SF,,,,N,,4,C,Y,0,5
BUB,SBS,dw,3,,SL,,,,N,,4,C,Y,0,5
BAU,SBS,mc,2,,SL,,,,N,,4,C,Y,0,5
BAU,ESSF,mv,1,,EF,,,,N,,4,C,Y,0,5
BAU,SBS,dk,,,SL,,,,N,,4,C,Y,0,5
BAU,SBS,dw,3,,SL,,,,N,,4,C,Y,0,5
BAU,SBS,wk,3,,SF,,,,N,,4,C,Y,0,4
BAU,ESSF,mv,3,,EF,,,,N,,4,C,Y,0,5
NAU,SBPS,mc,,,SL,,,,N,,4,C,Y,0,5
BUB,SBS,dk,,,WR,,a,,N,,4,M,Y,0,3
BUB,SBS,dk,,,DF,,a,,N,,4,C,Y,0,5
BUB,ESSF,mv,1,,EF,,,,N,,4,C,Y,0,5
BAU,ESSF,mc,,,EF,,,,N,,4,C,Y,0,5
BUB,SBS,dw,3,,SF,,,,N,,4,C,Y,0,5
BAU,SBS,dk,,,DF,,,,N,,4,C,Y,0,5
BAU,SBS,dk,,,BB,,,,N,,3b,,N,0,4
BAU,SBS,mc,2,,SL,,a,,N,1,4,C,Y,0,4
BUB,SBS,dw,3,,BB,,,,N,,3b,,N,0,4
BUB,SBS,mc,2,,SL,,a,,N,,4,C,Y,0,5
BAU,SBS,mc,2,,SL,,a,,N,,4,C,Y,0,5
BAU,SBS,mc,2,,WR,,a,,N,,4,M,Y,0,3
BAU,SBS,dk,,,SF,,,,N,,4,C,Y,0,5
BAU,SBS,dk,,,WR,,a,,N,,4,M,Y,0,3
NEU,SBS,mc,2,,WR,,a,,N,,4,M,Y,0,3
BAU,SBS,wk,3,,WR,,a,,N,,4,M,Y,0,3
BAU,ESSF,mv,3,,EF,,,,Y,,4,C,Y,0,5
BUB,SBS,mc,2,,WR,,a,,N,,4,M,Y,0,3
BAU,SBS,dw,3,,SL,,,,N,1,4,C,Y,0,5
BAU,SBS,dk,,,DF,,,,N,3,4,C,Y,0,5
BAU,SBS,wk,3,,SF,,,,N,1,4,C,Y,0,4
NAU,SBPS,mc,,,LP,,,,N,,4,C,Y,0,4
NEU,SBS,mc,2,,SF,,,,N,,4,C,Y,0,4
NEU,ESSF,mc,,,EF,,,,Y,,4,C,Y,0,5
NEU,ESSF,mc,,,ER,,a,,N,,4,M,Y,0,3
KIM,ESSF,mk,,,EW,,,,N,,4,C,Y,0,5
KIM,BAFA,unp,,,HP,,,,N,,4,C,Y,0,5
KIM,MH,mm,2,,HP,,,,N,,4,C,Y,0,5
KIM,MH,mm,2,,MF,,,,N,,4,C,Y,0,5
KIM,ESSF,mkp,,,WB,,,,Y,,4,C,Y,0,5
NEU,ESSF,mcp,,,EF,,,,Y,,4,C,Y,0,5
BUB,ESSF,mv,1,,EF,,,,N,1,4,C,Y,0,5
KIM,CWH,ws,2,,FR,,,,N,,4,C,Y,0,5
NEU,ESSF,mk,,,EW,,,,Y,,4,C,Y,0,5
BUB,SBS,dk,,,DF,,,,N,3,4,C,Y,0,5
KIM,ESSF,mk,,,EW,,,,Y,,4,C,Y,0,5
NAU,SBPS,mc,,,SL,,,,N,1,4,C,Y,0,5
NEU,ESSF,mc,,,EF,,a,,N,,4,C,Y,0,5
BUB,SBS,dk,,,SL,,,,N,4,4,C,Y,0,5
BUB,ESSF,mc,,,EF,,,,Y,,4,C,Y,0,5
KIM,MH,mm,2,,HP,,,,N,,4,C,Y,0,5
BAU,ESSF,mc,,,EF,,,,Y,,4,C,Y,0,5
NEU,ESSF,mc,,,FP,,,,Y,,4,C,Y,0,5
BAU,ESSF,mv,1,,EF,,,,N,2,4,C,Y,0,5
BAU,ESSF,mvp,,,FP,,,,Y,,4,C,Y,0,5
KIM,ESSF,mkp,,,WP,,,,N,,4,C,Y,0,5
KIM,ESSF,mkp,,,WP,,,,Y,,4,C,Y,0,5
BAU,ESSF,mv,1,,EF,,,,N,,4,C,Y,0,5
BAU,ESSF,mv,1,,EF,,,,Y,,4,C,Y,0,5
NEU,ESSF,mc,,,ER,,a,,N,2,4,M,Y,0,3
NEU,SBS,mc,2,,SF,,,,N,,4,C,Y,0,4
NEU,ESSF,mcp,,,FP,,,,Y,,4,C,Y,0,5
KIM,ESSF,mk,,,EW,,a,,N,,4,C,Y,0,5
BAU,ESSF,mc,,,EF,,,,Y,2,4,C,Y,0,5
BUB,ESSF,mv,1,,EF,,,,N,3,4,C,Y,0,5
KIM,ESSF,mk,,,EF,,,,N,,4,C,Y,0,5
NEU,SBS,mc,2,,WR,,a,,N,2,4,M,Y,0,3
BAU,SBS,mc,2,,LP,,,,N,2,4,C,Y,0,5
KIM,ESSF,mk,,,WB,,,,Y,,4,C,Y,0,5
KIM,ESSF,mk,,,EF,,,,N,3,4,C,Y,0,5
KIM,BAFA,unp,,,HP,,,,Y,,4,C,Y,0,5
KIM,MH,mm,2,,MF,,a,,N,,4,C,Y,0,5
NEU,ESSF,mc,,,EF,,,,N,3,4,C,Y,0,5
NEU,SBS,dk,,,WR,,a,,N,,4,M,Y,0,3
KIM,MH,mm,2,,MF,,,,N,,4,C,Y,0,5
NAU,SBPS,mc,,,WR,,a,,N,,4,M,Y,0,3
BAU,ESSF,mv,3,,FP,,,,Y,,4,C,Y,0,5
NEU,BAFA,un,,,FP,,,,Y,2,4,C,Y,0,5
NEU,ESSF,mk,,,EW,,a,,Y,,4,C,Y,0,5
BAU,SBS,dk,,,SL,,,,N,4,4,C,Y,0,5
NAU,SBPS,mc,,,WR,,,,N,,4,M,Y,0,3
KIM,ESSF,mk,,,AV,,a,,N,,3b,,N,0,4
BAU,ESSF,mv,1,,EF,,,,Y,3,4,C,Y,0,5
KIM,CWH,ws,2,,FR,,a,,N,,4,C,Y,0,5
NEU,ESSF,mk,,,EW,,a,,Y,1,4,C,Y,0,4
NEU,BAFA,un,,,FP,,,,Y,,4,C,Y,0,5
NAU,SBPS,mc,,,LP,,a,,N,,4,C,Y,0,4
BUB,SBS,dk,,,SL,,a,,N,,4,C,Y,0,5
BAU,SBS,mc,2,,BB,,a,,N,,3b,,N,0,4
NEU,SBS,dk,,,WR,,a,,N,1,4,M,Y,0,3
BAU,SBS,mc,2,,SF,,,,N,,4,C,Y,0,4
KIM,ESSF,mkp,,,WB,,,,Y,2,4,C,Y,0,5
BAU,SBS,dk,,,WR,,a,,N,3,4,M,Y,0,3
BAU,SBS,mc,2,,LP,,,,N,,4,C,Y,0,5
NEU,ESSF,mc,,,ER,,a,,N,1,4,M,Y,0,3
BUB,SBS,mc,2,,WR,,a,,N,1,4,M,Y,0,3
BAU,SBS,mc,2,,SF,,a,,N,,4,C,Y,0,4
NEU,ESSF,mcp,,,FP,,,,Y,1,4,C,Y,0,5
BAU,SBS,mc,2,,SF,,a,,N,2,4,C,Y,0,4
BAU,ESSF,mv,3,,EF,,a,,N,,4,C,Y,0,5
KIM,CWH,ws,2,,FR,,,,N,4,4,C,Y,0,5
BAU,SBS,dk,,,SF,,,,N,2,4,C,Y,0,5
NAU,SBPS,mc,,,SL,,,,N,3,4,C,Y,0,5
KIM,CWH,ws,2,,AV,,,,N,,3b,,N,0,3
BAU,SBS,dk,,,WR,,a,,N,2,4,M,Y,0,3
BUB,SBS,dw,3,,SF,,,,N,2,4,C,Y,0,5
BUB,SBS,dk,,,WR,,a,,N,3,4,M,Y,0,3
NEU,SBS,mc,2,,BB,,,,N,,3b,,N,0,4
NEU,ESSF,mc,,,EF,,a,,N,2,4,C,Y,0,5
NEU,ESSF,mc,,,EF,,,,N,,5,C,Y,0,5
BUB,SBS,dk,,,SL,,,,N,,5,C,Y,0,5
BUB,SBS,dk,,,DF,,,,N,,5,C,Y,0,5
BUB,SBS,dk,,,WR,,,,N,,5,M,Y,0,3
BAU,SBS,mc,2,,SF,,,,N,,5,C,Y,0,4
NEU,SBS,dk,,,SL,,,,N,,5,C,Y,0,5
BUB,SBS,mc,2,,SL,,,,N,,5,C,Y,0,4
BUB,ESSF,mc,,,EF,,,,N,,5,C,Y,0,5
NEU,SBS,mc,2,,SL,,,,N,,5,C,Y,0,4
BUB,SBS,mc,2,,SF,,,,N,,5,C,Y,0,4
BUB,SBS,mc,2,,DF,,,,N,,5,C,Y,0,5
BUB,SBS,dk,,,SF,,,,N,,5,C,Y,0,5
BUB,SBS,dw,3,,SL,,,,N,,5,C,Y,0,5
BAU,SBS,mc,2,,SL,,,,N,,5,C,Y,0,4
BAU,ESSF,mv,1,,EF,,,,N,,5,C,Y,0,5
BAU,SBS,dk,,,SL,,,,N,,5,C,Y,0,5
BAU,SBS,dw,3,,SL,,,,N,,5,C,Y,0,5
BAU,SBS,wk,3,,SF,,,,N,,5,C,Y,0,4
BAU,ESSF,mv,3,,EF,,,,N,,5,C,Y,0,5
NAU,SBPS,mc,,,SL,,,,N,,5,C,Y,0,5
BUB,SBS,dk,,,WR,,a,,N,,5,M,Y,0,2
BUB,SBS,dk,,,DF,,a,,N,,5,C,Y,0,5
BUB,ESSF,mv,1,,EF,,,,N,,5,C,Y,0,5
BAU,SBS,wk,3,,SF,,,,N,3,5,C,Y,0,4
BAU,ESSF,mc,,,EF,,,,N,,5,C,Y,0,5
BUB,SBS,dw,3,,SF,,,,N,,5,C,Y,0,5
BAU,SBS,dk,,,DF,,,,N,,5,C,Y,0,5
BAU,SBS,mc,2,,WR,,a,,N,3,5,M,Y,0,3
BUB,SBS,mc,2,,SL,,a,,N,,5,C,Y,0,4
BAU,SBS,mc,2,,SL,,a,,N,,5,C,Y,0,4
BAU,SBS,mc,2,,WR,,a,,N,,5,M,Y,0,2
BAU,SBS,dk,,,SF,,,,N,,5,C,Y,0,5
BAU,SBS,dk,,,WR,,a,,N,,5,M,Y,0,2
NEU,SBS,mc,2,,WR,,a,,N,,5,M,Y,0,2
BAU,SBS,wk,3,,WR,,a,,N,,5,M,Y,0,2
BAU,ESSF,mv,3,,EF,,,,Y,,5,C,Y,0,5
BUB,SBS,mc,2,,WR,,a,,N,,5,M,Y,0,2
BAU,ESSF,mv,1,,EF,,,,N,1,5,C,Y,0,5
BAU,SBS,dw,3,,SL,,,,N,1,5,C,Y,0,5
BAU,SBS,wk,3,,SF,,,,N,,5,C,Y,0,4
NAU,SBPS,mc,,,LP,,,,N,,5,C,Y,0,4
NEU,SBS,mc,2,,SF,,,,N,,5,C,Y,0,4
NEU,ESSF,mc,,,EF,,,,Y,,5,C,Y,0,5
NEU,ESSF,mc,,,ER,,a,,N,,5,M,Y,0,2
KIM,ESSF,mk,,,EW,,,,N,,5,C,Y,0,4
KIM,BAFA,unp,,,HP,,,,N,,5,C,Y,0,5
KIM,MH,mm,2,,HP,,,,N,,5,C,Y,0,5
KIM,MH,mm,2,,MF,,,,N,,5,C,Y,0,5
KIM,ESSF,mkp,,,WB,,,,Y,,5,C,Y,0,5
NEU,ESSF,mcp,,,EF,,,,Y,,5,C,Y,0,5
KIM,CWH,ws,2,,FR,,,,N,,5,C,Y,0,5
NEU,ESSF,mk,,,EW,,,,Y,,5,C,Y,0,4
KIM,ESSF,mk,,,EW,,,,Y,,5,C,Y,0,4
KIM,ESSF,mkp,,,WP,,,,Y,1,5,C,Y,0,5
BUB,SBS,dk,,,WR,,a,,N,2,5,M,Y,0,2
NEU,SBS,mc,2,,WR,,a,,N,1,5,M,Y,0,2
NEU,ESSF,mc,,,EF,,a,,N,,5,C,Y,0,5
BUB,ESSF,mc,,,EF,,,,Y,,5,C,Y,0,5
KIM,MH,mm,2,,HP,,,,N,,5,C,Y,0,5
BAU,ESSF,mc,,,EF,,,,Y,,5,C,Y,0,5
NEU,ESSF,mc,,,FP,,,,Y,,5,C,Y,0,5
BAU,ESSF,mvp,,,FP,,,,Y,,5,C,Y,0,5
KIM,ESSF,mkp,,,WP,,,,N,,5,C,Y,0,5
KIM,ESSF,mkp,,,WP,,,,Y,,5,C,Y,0,5
BAU,ESSF,mv,1,,EF,,,,N,,5,C,Y,0,5
BAU,ESSF,mv,1,,EF,,,,Y,,5,C,Y,0,5
BUB,SBS,dk,,,WR,,a,,N,1,5,M,Y,0,2
NEU,SBS,mc,2,,SF,,,,N,2,5,C,Y,0,4
NEU,ESSF,mc,,,ER,,a,,N,2,5,M,Y,0,2
NEU,ESSF,mcp,,,FP,,,,Y,,5,C,Y,0,5
KIM,ESSF,mk,,,EW,,a,,N,,5,C,Y,0,4
KIM,ESSF,mk,,,EF,,,,N,,5,C,Y,0,5
NEU,ESSF,mc,,,EF,,,,Y,1,5,C,Y,0,5
NEU,SBS,mc,2,,WR,,a,,N,2,5,M,Y,0,2
KIM,ESSF,mk,,,WB,,,,Y,,5,C,Y,0,5
KIM,ESSF,mk,,,EF,,,,N,3,5,C,Y,0,5
KIM,BAFA,unp,,,HP,,,,Y,,5,C,Y,0,5
KIM,MH,mm,2,,MF,,a,,N,,5,C,Y,0,5
NEU,SBS,dk,,,WR,,a,,N,,5,M,Y,0,2
BUB,SBS,dk,,,WR,,a,,N,,5,M,Y,0,2
KIM,MH,mm,2,,MF,,,,N,,5,C,Y,0,5
NAU,SBPS,mc,,,WR,,a,,N,,5,M,Y,0,2
BAU,ESSF,mv,3,,FP,,,,Y,,5,C,Y,0,5
KIM,ESSF,mk,,,WB,,,,Y,1,5,C,Y,0,4
NEU,ESSF,mk,,,EW,,a,,Y,,5,C,Y,0,4
BAU,SBS,dk,,,SL,,,,N,4,5,C,Y,0,5
NAU,SBPS,mc,,,WR,,,,N,,5,M,Y,0,3
KIM,CWH,ws,2,,FR,,a,,N,,5,C,Y,0,4
NAU,SBPS,mc,,,LP,,a,,N,1,5,C,Y,0,4
KIM,ESSF,mkp,,,WP,,,,N,1,5,C,Y,0,5
NEU,BAFA,un,,,FP,,,,Y,,5,C,Y,0,5
NAU,SBPS,mc,,,LP,,a,,N,,5,C,Y,0,4
BUB,SBS,dk,,,SL,,a,,N,,5,C,Y,0,5
BAU,SBS,mc,2,,SF,,,,N,,5,C,Y,0,4
BAU,ESSF,mvp,,,FP,,,,Y,1,5,C,Y,0,5
BAU,SBS,mc,2,,LP,,,,N,,5,C,Y,0,5
NEU,ESSF,mc,,,ER,,a,,N,1,5,M,Y,0,2
BUB,SBS,mc,2,,WR,,a,,N,1,5,M,Y,0,2
BAU,SBS,mc,2,,SF,,a,,N,,5,C,Y,0,4
BAU,ESSF,mv,3,,EF,,a,,N,,5,C,Y,0,5
KIM,ESSF,mk,,,EW,,a,,N,1,5,C,Y,0,4
KIM,CWH,ws,2,,FR,,,,N,4,5,C,Y,0,5
BAU,SBS,dk,,,SF,,,,N,2,5,C,Y,0,5
NAU,SBPS,mc,,,SL,,,,N,3,5,C,Y,0,5
BUB,SBS,dk,,,DF,,a,,N,2,5,C,Y,0,5
BAU,SBS,dk,,,WR,,a,,N,2,5,M,Y,0,2
BUB,SBS,dw,3,,SF,,,,N,2,5,C,Y,0,5
BUB,SBS,dk,,,WR,,a,,N,3,5,M,Y,0,3
NEU,ESSF,mc,,,EF,,a,,N,2,5,C,Y,0,5
KIM,BAFA,unp,,,HP,,,,Y,1,5,C,Y,0,5
NEU,ESSF,mc,,,EF,,,,N,,6,C,Y,0,5
BUB,SBS,dk,,,SL,,,,N,,6,C,Y,0,5
BUB,SBS,dk,,,DF,,,,N,,6,C,Y,0,5
BUB,SBS,dk,,,WR,,,,N,,6,M,Y,0,1
BAU,SBS,mc,2,,SF,,,,N,,6,C,Y,0,4
NEU,SBS,dk,,,SL,,,,N,,6,C,Y,0,5
BUB,SBS,mc,2,,SL,,,,N,,6,C,Y,0,4
BUB,ESSF,mc,,,EF,,,,N,,6,C,Y,0,5
NEU,SBS,mc,2,,SL,,,,N,,6,C,Y,0,4
BUB,SBS,mc,2,,SF,,,,N,,6,C,Y,0,4
BUB,SBS,mc,2,,DF,,,,N,,6,C,Y,0,5
BUB,SBS,dk,,,SF,,,,N,,6,C,Y,0,4
BUB,SBS,dw,3,,SL,,,,N,,6,C,Y,0,5
BAU,SBS,mc,2,,SL,,,,N,,6,C,Y,0,4
BAU,ESSF,mv,1,,EF,,,,N,,6,C,Y,0,5
BAU,SBS,dk,,,SL,,,,N,,6,C,Y,0,5
BAU,SBS,dw,3,,SL,,,,N,,6,C,Y,0,5
BAU,SBS,wk,3,,SF,,,,N,,6,C,Y,0,4
BAU,ESSF,mv,3,,EF,,,,N,,6,C,Y,0,5
NAU,SBPS,mc,,,SL,,,,N,,6,C,Y,0,5
BUB,SBS,dk,,,WR,,a,,N,,6,M,Y,0,1
BUB,SBS,dk,,,DF,,a,,N,,6,C,Y,0,5
BUB,ESSF,mv,1,,EF,,,,N,,6,C,Y,0,5
BUB,SBS,dk,,,SL,,,,N,,6,C,Y,0,5
BAU,SBS,mc,2,,SF,,,,N,1,6,C,Y,0,4
BUB,SBS,mc,2,,SL,,,,N,2,6,C,Y,0,4
BUB,SBS,mc,2,,SL,,,,N,1,6,C,Y,0,4
BAU,SBS,mc,2,,SL,,,,N,3,6,C,Y,0,4
BAU,SBS,mc,2,,SF,,,,N,2,6,C,Y,0,4
BUB,SBS,mc,2,,SF,,,,N,1,6,C,Y,0,4
BUB,SBS,dw,3,,SL,,,,N,2,6,C,Y,0,5
BUB,SBS,dw,3,,SL,,,,N,1,6,C,Y,0,5
BUB,SBS,dk,,,SL,,,,N,2,6,C,Y,0,5
BAU,SBS,wk,3,,SF,,,,N,3,6,C,Y,0,4
BUB,SBS,dk,,,SL,,,,N,3,6,C,Y,0,5
BAU,SBS,mc,2,,SL,,,,N,1,6,C,Y,0,4
BAU,ESSF,mc,,,EF,,,,N,,6,C,Y,0,5
BUB,SBS,dw,3,,SF,,,,N,,6,C,Y,0,4
BAU,SBS,dk,,,DF,,,,N,,6,C,Y,0,5
BUB,SBS,dk,,,WR,,,,N,2,6,M,Y,0,1
BUB,SBS,mc,2,,SF,,,,N,4,6,C,Y,0,5
BUB,SBS,mc,2,,SF,,,,N,2,6,C,Y,0,4
BUB,ESSF,mc,,,EF,,,,N,2,6,C,Y,0,5
BAU,SBS,mc,2,,WR,,a,,N,1,6,M,Y,0,1
BAU,ESSF,mc,,,EF,,,,N,1,6,C,Y,0,5
BAU,SBS,mc,2,,SF,,,,N,3,6,C,Y,0,4
BAU,SBS,mc,2,,SL,,,,N,2,6,C,Y,0,4
BAU,ESSF,mc,,,EF,,,,N,2,6,C,Y,0,5
BUB,SBS,dk,,,DF,,,,N,,6,C,Y,0,5
BUB,SBS,mc,2,,DF,,,,N,1,6,C,Y,0,5
BUB,SBS,mc,2,,SL,,,,N,3,6,C,Y,0,4
BAU,SBS,mc,2,,SF,,,,N,,6,C,Y,0,4
BAU,SBS,dk,,,SL,,,,N,1,6,C,Y,0,5
BAU,SBS,dk,,,SL,,,,N,3,6,C,Y,0,5
BAU,ESSF,mc,,,EF,,,,N,3,6,C,Y,0,5
BAU,SBS,mc,2,,SL,,a,,N,1,6,C,Y,0,4
BUB,SBS,dk,,,SL,,,,N,,6,C,Y,0,5
BAU,SBS,mc,2,,WR,,a,,N,3,6,M,Y,0,1
BUB,SBS,dw,3,,SF,,,,N,,6,C,Y,0,4
BUB,SBS,mc,2,,SF,,,,N,3,6,C,Y,0,4
BUB,SBS,dk,,,SF,,,,N,1,6,C,Y,0,4
BUB,SBS,mc,2,,SL,,a,,N,,6,C,Y,0,4
BAU,SBS,mc,2,,SL,,a,,N,,6,C,Y,0,4
BAU,SBS,mc,2,,WR,,a,,N,,6,M,Y,0,1
BAU,SBS,dk,,,SF,,,,N,,6,C,Y,0,4
BAU,SBS,dk,,,WR,,a,,N,,6,M,Y,0,1
NEU,SBS,mc,2,,WR,,a,,N,,6,M,Y,0,1
BAU,SBS,wk,3,,WR,,a,,N,,6,M,Y,0,1
BAU,ESSF,mv,3,,EF,,,,Y,,6,C,Y,0,5
BUB,SBS,mc,2,,WR,,a,,N,,6,M,Y,0,1
BAU,ESSF,mv,1,,EF,,,,N,1,6,C,Y,0,5
BAU,SBS,dw,3,,SL,,,,N,1,6,C,Y,0,5
BUB,SBS,dk,,,DF,,,,N,1,6,C,Y,0,5
BUB,ESSF,mc,,,EF,,,,N,1,6,C,Y,0,5
BUB,SBS,dk,,,DF,,,,N,2,6,C,Y,0,5
BAU,SBS,dk,,,DF,,,,N,3,6,C,Y,0,5
BUB,SBS,mc,2,,SL,,,,N,,6,C,Y,0,4
BAU,SBS,wk,3,,SF,,,,N,1,6,C,Y,0,4
NEU,SBS,mc,2,,SL,,,,N,2,6,C,Y,0,4
BUB,SBS,mc,2,,SL,,,,N,,6,C,Y,0,4
NEU,ESSF,mc,,,EF,,,,N,1,6,C,Y,0,5
NEU,ESSF,mc,,,EF,,,,N,2,6,C,Y,0,5
BAU,SBS,wk,3,,SF,,,,N,,6,C,Y,0,4
BAU,ESSF,mv,1,,EF,,,,N,3,6,C,Y,0,5
BAU,SBS,dk,,,SL,,,,N,2,6,C,Y,0,5
NAU,SBPS,mc,,,LP,,,,N,,6,C,Y,0,4
NEU,SBS,mc,2,,SF,,,,N,,6,C,Y,0,4
NEU,ESSF,mc,,,EF,,,,Y,,6,C,Y,0,5
NEU,ESSF,mc,,,ER,,a,,N,,6,M,Y,0,1
KIM,ESSF,mk,,,EW,,,,N,,6,C,Y,0,4
KIM,BAFA,unp,,,HP,,,,N,,6,C,Y,0,5
KIM,MH,mm,2,,HP,,,,N,,6,C,Y,0,5
KIM,MH,mm,2,,MF,,,,N,,6,C,Y,0,5
KIM,ESSF,mkp,,,WB,,,,Y,,6,C,Y,0,4
NEU,ESSF,mcp,,,EF,,,,Y,,6,C,Y,0,5
BUB,ESSF,mv,1,,EF,,,,N,1,6,C,Y,0,5
NEU,SBS,dk,,,SL,,,,N,1,6,C,Y,0,5
NEU,ESSF,mk,,,EW,,,,Y,1,6,C,Y,0,4
NEU,ESSF,mcp,,,EF,,,,Y,1,6,C,Y,0,5
KIM,CWH,ws,2,,FR,,,,N,,6,C,Y,0,4
NEU,ESSF,mk,,,EW,,,,Y,,6,C,Y,0,4
NAU,SBPS,mc,,,LP,,,,N,2,6,C,Y,0,4
BAU,ESSF,mv,3,,EF,,,,N,2,6,C,Y,0,5
BUB,SBS,dk,,,DF,,,,N,3,6,C,Y,0,5
NAU,SBPS,mc,,,LP,,,,N,1,6,C,Y,0,4
NEU,ESSF,mc,,,EF,,,,Y,2,6,C,Y,0,5
NEU,SBS,mc,2,,SF,,,,N,3,6,C,Y,0,4
KIM,ESSF,mk,,,EW,,,,Y,,6,C,Y,0,4
KIM,ESSF,mk,,,EW,,,,N,3,6,C,Y,0,4
KIM,ESSF,mkp,,,WP,,,,Y,1,6,C,Y,0,5
NAU,SBPS,mc,,,SL,,,,N,1,6,C,Y,0,5
NEU,BAFA,un,,,FP,,,,Y,,6,C,Y,0,5
NEU,SBS,mc,2,,SL,,,,N,1,6,C,Y,0,4
NEU,SBS,mc,2,,SF,,,,N,1,6,C,Y,0,4
BUB,SBS,dk,,,WR,,a,,N,2,6,M,Y,0,1
NEU,SBS,mc,2,,WR,,a,,N,1,6,M,Y,0,1
NEU,ESSF,mc,,,EF,,a,,N,,6,C,Y,0,5
BUB,SBS,dk,,,SL,,,,N,4,6,C,Y,0,5
BUB,ESSF,mc,,,EF,,,,Y,,6,C,Y,0,5
KIM,MH,mm,2,,HP,,,,N,,6,C,Y,0,5
BAU,ESSF,mc,,,EF,,,,Y,,6,C,Y,0,5
NEU,ESSF,mc,,,FP,,,,Y,,6,C,Y,0,5
BAU,ESSF,mv,1,,EF,,,,N,2,6,C,Y,0,5
BAU,ESSF,mvp,,,FP,,,,Y,,6,C,Y,0,5
KIM,ESSF,mk,,,EW,,,,N,1,6,C,Y,0,4
KIM,ESSF,mkp,,,WP,,,,N,,6,C,Y,0,5
KIM,ESSF,mkp,,,WP,,,,Y,,6,C,Y,0,5
BUB,SBS,dk,,,WR,,,,N,,6,M,Y,0,1
BAU,ESSF,mv,1,,EF,,,,N,,6,C,Y,0,5
BAU,ESSF,mv,1,,EF,,,,Y,,6,C,Y,0,5
NAU,SBPS,mc,,,WR,,a,,N,2,6,M,Y,0,1
BUB,SBS,dk,,,WR,,a,,N,1,6,M,Y,0,1
KIM,MH,mm,2,,MF,,,,N,1,6,C,Y,0,5
BUB,SBS,dk,,,WR,,,,N,,6,M,Y,0,1
BUB,SBS,dw,3,,SL,,,,N,3,6,C,Y,0,5
NEU,SBS,mc,2,,SF,,,,N,2,6,C,Y,0,4
NEU,ESSF,mc,,,ER,,a,,N,2,6,M,Y,0,1
NEU,SBS,mc,2,,SF,,,,N,,6,C,Y,0,4
NEU,ESSF,mcp,,,FP,,,,Y,,6,C,Y,0,5
NEU,SBS,dk,,,SL,,,,N,2,6,C,Y,0,5
KIM,ESSF,mk,,,EW,,a,,N,,6,C,Y,0,4
BAU,ESSF,mc,,,EF,,,,Y,2,6,C,Y,0,5
BUB,ESSF,mv,1,,EF,,,,N,3,6,C,Y,0,5
KIM,ESSF,mk,,,EF,,,,N,,6,C,Y,0,5
NEU,ESSF,mc,,,EF,,,,Y,1,6,C,Y,0,5
NEU,SBS,mc,2,,WR,,a,,N,2,6,M,Y,0,1
BAU,SBS,mc,2,,LP,,,,N,2,6,C,Y,0,4
KIM,ESSF,mk,,,WB,,,,Y,,6,C,Y,0,4
KIM,ESSF,mk,,,EF,,,,N,3,6,C,Y,0,5
KIM,BAFA,unp,,,HP,,,,Y,,6,C,Y,0,5
NEU,ESSF,mc,,,EF,,,,Y,3,6,C,Y,0,5
KIM,MH,mm,2,,MF,,,,N,2,6,C,Y,0,5
KIM,MH,mm,2,,MF,,a,,N,,6,C,Y,0,5
NAU,SBPS,mc,,,SL,,,,N,2,6,C,Y,0,5
KIM,MH,mm,2,,MF,,,,N,3,6,C,Y,0,5
NEU,ESSF,mc,,,EF,,,,N,3,6,C,Y,0,5
NEU,SBS,dk,,,WR,,a,,N,,6,M,Y,0,1
BUB,SBS,dk,,,WR,,a,,N,,6,M,Y,0,1
KIM,MH,mm,2,,MF,,,,N,,6,C,Y,0,5
NAU,SBPS,mc,,,WR,,a,,N,,6,M,Y,0,1
KIM,ESSF,mk,,,EW,,,,N,2,6,C,Y,0,4
BAU,ESSF,mv,3,,FP,,,,Y,,6,C,Y,0,5
NEU,SBS,mc,2,,SL,,,,N,3,6,C,Y,0,4
NEU,BAFA,un,,,FP,,,,Y,2,6,C,Y,0,5
KIM,ESSF,mk,,,WB,,,,Y,1,6,C,Y,0,4
NEU,ESSF,mk,,,EW,,a,,Y,,6,C,Y,0,4
BAU,SBS,dk,,,SL,,,,N,4,6,C,Y,0,5
NAU,SBPS,mc,,,WR,,,,N,,6,M,Y,0,1
BAU,ESSF,mv,1,,EF,,,,Y,3,6,C,Y,0,5
KIM,CWH,ws,2,,FR,,a,,N,,6,C,Y,0,4
NAU,SBPS,mc,,,LP,,a,,N,1,6,C,Y,0,3
KIM,ESSF,mkp,,,WP,,,,N,1,6,C,Y,0,5
KIM,CWH,ws,2,,FR,,,,N,3,6,C,Y,0,4
NEU,ESSF,mk,,,EW,,a,,Y,1,6,C,Y,0,4
KIM,ESSF,mk,,,EW,,,,Y,2,6,C,Y,0,4
NEU,BAFA,un,,,FP,,,,Y,,6,C,Y,0,5
NEU,ESSF,mcp,,,EF,,,,Y,2,6,C,Y,0,5
NAU,SBPS,mc,,,LP,,a,,N,,6,C,Y,0,4
BUB,SBS,dk,,,SL,,a,,N,,6,C,Y,0,5
BAU,ESSF,mv,3,,EF,,,,N,3,6,C,Y,0,5
BAU,ESSF,mv,3,,EF,,,,Y,3,6,C,Y,0,5
NEU,SBS,dk,,,WR,,a,,N,1,6,M,Y,0,1
BAU,SBS,mc,2,,SF,,,,N,,6,C,Y,0,4
KIM,ESSF,mkp,,,WB,,,,Y,2,6,C,Y,0,4
BAU,ESSF,mvp,,,FP,,,,Y,1,6,C,Y,0,5
BAU,SBS,dk,,,WR,,a,,N,3,6,M,Y,0,1
BAU,SBS,mc,2,,LP,,,,N,,6,C,Y,0,4
NEU,ESSF,mc,,,ER,,a,,N,1,6,M,Y,0,1
BUB,SBS,mc,2,,WR,,a,,N,1,6,M,Y,0,1
BAU,SBS,mc,2,,SF,,a,,N,,6,C,Y,0,4
NEU,ESSF,mcp,,,FP,,,,Y,1,6,C,Y,0,5
BAU,SBS,mc,2,,SF,,a,,N,2,6,C,Y,0,4
BAU,ESSF,mv,3,,EF,,a,,N,,6,C,Y,0,5
KIM,ESSF,mk,,,EW,,a,,N,1,6,C,Y,0,4
KIM,CWH,ws,2,,FR,,,,N,4,6,C,Y,0,5
BAU,SBS,dk,,,SF,,,,N,2,6,C,Y,0,4
KIM,MH,mm,2,,MF,,a,,N,2,6,C,Y,0,5
NAU,SBPS,mc,,,SL,,,,N,3,6,C,Y,0,5
BUB,SBS,dk,,,DF,,a,,N,2,6,C,Y,0,5
BAU,SBS,dk,,,WR,,a,,N,2,6,M,Y,0,1
BUB,SBS,dw,3,,SF,,,,N,2,6,C,Y,0,4
BUB,SBS,dk,,,WR,,a,,N,3,6,M,Y,0,1
NEU,ESSF,mc,,,EF,,a,,N,2,6,C,Y,0,5
KIM,BAFA,unp,,,HP,,,,Y,1,6,C,Y,0,5
NEU,ESSF,mc,,,EF,,,,N,,7,C,Y,0,5
BUB,SBS,dk,,,SL,,,,N,,7a,,Y,0,5
BUB,SBS,dk,,,DF,,,,N,,7a,,Y,0,5
BUB,SBS,dk,,,WR,,,,N,,7a,,Y,0,1
BAU,SBS,mc,2,,SF,,,,N,,7a,,Y,0,4
NEU,SBS,dk,,,SL,,,,N,,7a,,Y,0,5
BUB,SBS,mc,2,,SL,,,,N,,7a,,Y,0,4
BUB,ESSF,mc,,,EF,,,,N,,7,C,Y,0,5
NEU,SBS,mc,2,,SL,,,,N,,7a,,Y,0,4
BUB,SBS,mc,2,,SF,,,,N,,7a,,Y,0,4
BUB,SBS,mc,2,,DF,,,,N,,7a,,Y,0,5
BUB,SBS,dk,,,SF,,,,N,,7a,,Y,0,4
BUB,SBS,dw,3,,SL,,,,N,,7a,,Y,0,5
BAU,SBS,mc,2,,SL,,,,N,,7a,,Y,0,4
BAU,ESSF,mv,1,,EF,,,,N,,7,C,Y,0,5
BAU,SBS,dk,,,SL,,,,N,,7a,,Y,0,5
BAU,SBS,dw,3,,SL,,,,N,,7a,,Y,0,5
BAU,SBS,wk,3,,SF,,,,N,,7a,,Y,0,4
BAU,ESSF,mv,3,,EF,,,,N,,7,C,Y,0,5
NAU,SBPS,mc,,,SL,,,,N,,7a,,Y,0,5
BUB,SBS,dk,,,WR,,a,,N,,7a,,Y,0,1
BUB,SBS,dk,,,DF,,a,,N,,7a,,Y,0,5
BUB,ESSF,mv,1,,EF,,,,N,,7,C,Y,0,5
BAU,SBS,wk,3,,SF,,,,N,3,7a,,Y,0,4
BAU,ESSF,mc,,,EF,,,,N,,7,C,Y,0,5
BUB,SBS,dw,3,,SF,,,,N,,7a,,Y,0,4
BAU,SBS,dk,,,DF,,,,N,,7a,,Y,0,5
BAU,SBS,mc,2,,SL,,a,,N,1,7a,,Y,0,4
BAU,SBS,mc,2,,WR,,a,,N,3,7a,,Y,0,1
BUB,SBS,mc,2,,SL,,a,,N,,7a,,Y,0,4
BAU,SBS,mc,2,,SL,,a,,N,,7a,,Y,0,4
BAU,SBS,mc,2,,WR,,a,,N,,7a,,Y,0,1
BAU,SBS,dk,,,SF,,,,N,,7a,,Y,0,4
BAU,SBS,dk,,,WR,,a,,N,,7a,,Y,0,1
NEU,SBS,mc,2,,WR,,a,,N,,7a,,Y,0,1
BAU,SBS,wk,3,,WR,,a,,N,,7a,,Y,0,1
BAU,ESSF,mv,3,,EF,,,,Y,,7,C,Y,0,5
BUB,SBS,mc,2,,WR,,a,,N,,7a,,Y,0,1
BAU,SBS,wk,3,,SF,,,,N,1,7a,,Y,0,4
NAU,SBPS,mc,,,LP,,,,N,,7a,,Y,0,4
NEU,SBS,mc,2,,SF,,,,N,,7a,,Y,0,4
NEU,ESSF,mc,,,EF,,,,Y,,7,C,Y,0,5
NEU,ESSF,mc,,,ER,,a,,N,,7a,,Y,0,1
KIM,ESSF,mk,,,EW,,,,N,,7a,,Y,0,4
KIM,BAFA,unp,,,HP,,,,N,,7,C,Y,0,5
KIM,MH,mm,2,,HP,,,,N,,7,C,Y,0,5
KIM,MH,mm,2,,MF,,,,N,,7a,,Y,0,5
KIM,ESSF,mkp,,,WB,,,,Y,,7,C,Y,0,4
NEU,ESSF,mcp,,,EF,,,,Y,,7,C,Y,0,5
KIM,CWH,ws,2,,FR,,,,N,,7a,,Y,0,4
NEU,ESSF,mk,,,EW,,,,Y,,7a,,Y,0,4
KIM,ESSF,mk,,,EW,,,,Y,,7a,,Y,0,4
NEU,ESSF,mc,,,EF,,a,,N,,7,C,Y,0,5
BUB,ESSF,mc,,,EF,,,,Y,,7,C,Y,0,5
BAU,ESSF,mc,,,EF,,,,Y,,7,C,Y,0,5
NEU,ESSF,mc,,,FP,,,,Y,,7,C,Y,0,5
BAU,ESSF,mvp,,,FP,,,,Y,,7,C,Y,0,5
KIM,ESSF,mkp,,,WP,,,,N,,7,C,Y,0,5
KIM,ESSF,mkp,,,WP,,,,Y,,7,C,Y,0,5
BAU,ESSF,mv,1,,EF,,,,Y,,7,C,Y,0,5
NEU,SBS,mc,2,,SF,,,,N,2,7a,,Y,0,4
NEU,ESSF,mcp,,,FP,,,,Y,,7,C,Y,0,5
KIM,ESSF,mk,,,EW,,a,,N,,7a,,Y,0,4
KIM,ESSF,mk,,,EF,,,,N,,7,C,Y,0,5
KIM,ESSF,mk,,,WB,,,,Y,,7,C,Y,0,4
KIM,BAFA,unp,,,HP,,,,Y,,7,C,Y,0,5
KIM,MH,mm,2,,MF,,a,,N,,7a,,Y,0,5
NEU,SBS,dk,,,WR,,a,,N,,7a,,Y,0,1
NAU,SBPS,mc,,,WR,,a,,N,,7a,,Y,0,1
BAU,ESSF,mv,3,,FP,,,,Y,,7,C,Y,0,5
NEU,BAFA,un,,,FP,,,,Y,2,7,C,Y,0,5
NEU,ESSF,mk,,,EW,,a,,Y,,7a,,Y,0,4
NAU,SBPS,mc,,,WR,,,,N,,7a,,Y,0,1
KIM,CWH,ws,2,,FR,,a,,N,,7a,,Y,0,4
NAU,SBPS,mc,,,LP,,a,,N,1,7a,,Y,0,3
NEU,BAFA,un,,,FP,,,,Y,,7,C,Y,0,5
NAU,SBPS,mc,,,LP,,a,,N,,7a,,Y,0,4
BUB,SBS,dk,,,SL,,a,,N,,7a,,Y,0,5
BAU,ESSF,mv,3,,EF,,,,Y,3,7,C,Y,0,5
BAU,ESSF,mvp,,,FP,,,,Y,1,7,C,Y,0,5
BAU,SBS,mc,2,,LP,,,,N,,7a,,Y,0,4
BAU,SBS,mc,2,,SF,,a,,N,,7a,,Y,0,4
NEU,ESSF,mcp,,,FP,,,,Y,1,7,C,Y,0,5
BAU,SBS,mc,2,,SF,,a,,N,2,7a,,Y,0,4
BAU,ESSF,mv,3,,EF,,a,,N,,7,C,Y,0,5
KIM,ESSF,mk,,,EW,,a,,N,1,7a,,Y,0,4
KIM,MH,mm,2,,MF,,a,,N,2,7a,,Y,0,5
BAU,SBS,dk,,,WR,,a,,N,2,7a,,Y,0,1
KIM,BAFA,unp,,,HP,,,,Y,1,7,C,Y,0,5
BUB,SBS,dk,,,LP,,,,N,,2,,Y,0,5
BAU,SBS,wk,3,,SL,,,,N,,2,,Y,0,4
BUB,SBS,dk,,,LP,,a,,N,,2,,Y,0,5
BUB,SBS,mc,2,,WL,,,,N,,2b,,N,0,1
BUB,SBS,dw,3,,TC,,,,N,,,,N,0,6
BUB,SBS,mc,2,,LP,,,,N,,2,,Y,0,4
BAU,SBS,mc,2,,TC,,,,N,,,,N,0,6
BUB,SBS,mc,2,,RO,,,,N,,1,,N,0,5
BAU,SBS,mc,2,,WR,,,,N,,2,,Y,0,2
NEU,ESSF,mc,,,WL,,,,N,,2b,,N,0,3
BAU,ESSF,mv,1,,WL,,,,N,,2b,,N,0,3
BAU,SBS,wk,3,,TC,,,,N,,,,N,0,6
BAU,ESSF,mv,1,,FP,,,,N,,2,,Y,0,5
BAU,SBS,dk,,,LP,,,,N,,2,,Y,0,5
BAU,ESSF,mc,,,WL,,,,N,,2b,,N,0,3
NEU,SBS,mc,2,,TC,,,,N,,,,N,0,6
KIM,ESSF,mkp,,,SM,,,,Y,,2a,,N,0,4
NEU,BAFA,un,,,AG,,,,Y,,2b,,N,0,5
BAU,ESSF,mv,3,,FP,,,,N,,2,,Y,0,5
BUB,ESSF,mv,1,,LP,,,,N,,2,,Y,0,5
NEU,ESSF,mc,,,FP,,,,N,,2,,Y,0,5
BAU,ESSF,mc,,,RO,,,,Y,,1,,N,0,5
KIM,ESSF,mk,,,WB,,,,N,,2b,,Y,0,4
KIM,MH,mm,2,,WL,,,,N,,2b,,N,0,3
NEU,ESSF,mc,,,AV,,,,N,,2b,,N,0,4
KIM,ESSF,mkp,,,AV,,,,N,,3a,,N,0,4
BAU,ESSF,mvp,,,EF,,,,Y,,2,,Y,0,5
NEU,ESSF,mcp,,,WL,,,,Y,,2b,,N,0,3
KIM,CMA,unp,,,GL,,,,Y,,,,N,0,6
BUB,ESSF,mc,,,WL,,,,Y,,2b,,N,0,3
BAU,SBS,mc,2,,RO,,,,N,,1,,N,0,5
KIM,CMA,un,,,AT,,,,Y,,2d,,N,0,5
BAU,BAFA,un,,,AT,,,,Y,,2d,,N,0,5
BAU,SBS,dk,,,TC,,,,N,,,,N,0,6
BAU,ESSF,mv,3,,AV,,,,Y,,2b,,N,0,4
BAU,ESSF,mv,3,,WL,,,,N,,2b,,N,0,3
KIM,BAFA,un,,,AG,,,,Y,,2b,,N,0,5
BAU,ESSF,mv,3,,WL,,,,Y,,2b,,N,0,3
BAU,ESSF,mvp,,,SM,,,,Y,,2a,,N,0,4
KIM,MH,mm,2,,AV,,a,,N,,2b,,N,0,3
BAU,ESSF,mv,3,,TC,,,,N,,,,N,0,6
KIM,BAFA,unp,,,AM,,,,Y,,2a,,N,0,5
BUB,SBS,dk,,,LP,,,,N,,3a,,Y,0,5
BAU,SBS,wk,3,,SL,,,,N,,3a,,Y,0,4
BUB,SBS,dk,,,LP,,a,,N,,3a,,Y,0,5
BUB,SBS,mc,2,,LP,,,,N,,3a,,Y,0,4
BAU,SBS,mc,2,,WR,,,,N,,3a,,Y,0,2
BAU,SBS,dk,,,LP,,,,N,,3a,,Y,0,5
BUB,ESSF,mv,1,,LP,,,,N,,3a,,Y,0,5
KIM,ESSF,mk,,,WB,,,,N,,3a,,Y,0,4
KIM,MH,mm,2,,WL,,,,N,,3,,N,0,3
NEU,ESSF,mc,,,AV,,,,N,,3a,,N,0,4
BAU,ESSF,mvp,,,EF,,,,Y,,3a,,Y,0,5
BAU,ESSF,mv,3,,AV,,,,Y,,3a,,N,0,4
KIM,MH,mm,2,,AV,,a,,N,,3a,,N,0,4
BUB,SBS,dk,,,LP,,,,N,,3b,,Y,0,5
BAU,SBS,wk,3,,SL,,,,N,,3b,,Y,0,4
BUB,SBS,dk,,,LP,,a,,N,,3b,,Y,0,5
BUB,SBS,mc,2,,WL,,,,N,,3a,,N,0,2
BUB,SBS,mc,2,,LP,,,,N,,3b,,Y,0,5
BAU,SBS,mc,2,,WR,,,,N,,3b,,Y,0,3
NEU,ESSF,mc,,,WL,,,,N,,3a,,N,0,3
BAU,ESSF,mv,1,,WL,,,,N,,3a,,N,0,3
BAU,ESSF,mv,1,,FP,,,,N,,3a,,Y,0,5
BAU,SBS,dk,,,LP,,,,N,,3b,,Y,0,5
BAU,ESSF,mc,,,WL,,,,N,,3a,,N,0,3
BAU,ESSF,mv,3,,FP,,,,N,,3a,,Y,0,5
BUB,ESSF,mv,1,,LP,,,,N,,3b,,Y,0,5
NEU,ESSF,mc,,,FP,,,,N,,3a,,Y,0,5
NEU,ESSF,mcp,,,WL,,,,Y,,3a,,N,0,3
BUB,ESSF,mc,,,WL,,,,Y,,3a,,N,0,3
BAU,ESSF,mv,3,,WL,,,,N,,3a,,N,0,3
BAU,ESSF,mv,3,,WL,,,,Y,,3a,,N,0,3
BUB,SBS,dk,,,LP,,,,N,,3c,,Y,0,5
BAU,SBS,wk,3,,SL,,,,N,,3c,,Y,0,5
BUB,SBS,dk,,,LP,,a,,N,,3c,,Y,0,5
BUB,SBS,mc,2,,LP,,,,N,,3c,,Y,0,5
BAU,SBS,mc,2,,WR,,,,N,,3c,,Y,0,3
BAU,ESSF,mv,1,,FP,,,,N,,3b,,Y,0,5
BAU,SBS,dk,,,LP,,,,N,,3c,,Y,0,5
BAU,ESSF,mv,3,,FP,,,,N,,3b,,Y,0,5
BUB,ESSF,mv,1,,LP,,,,N,,3c,,Y,0,5
NEU,ESSF,mc,,,FP,,,,N,,3b,,Y,0,5
KIM,ESSF,mk,,,WB,,,,N,,3b,,Y,0,5
BAU,ESSF,mvp,,,EF,,,,Y,,3b,,Y,0,5
BUB,SBS,dk,,,LP,,,,N,,4,C,Y,0,5
BAU,SBS,wk,3,,SL,,,,N,,4,C,Y,0,5
BUB,SBS,dk,,,LP,,a,,N,,4,C,Y,0,5
BUB,SBS,mc,2,,LP,,,,N,,4,C,Y,0,5
BAU,SBS,mc,2,,WR,,,,N,,4,M,Y,0,3
BAU,ESSF,mv,1,,FP,,,,N,,4,C,Y,0,5
BAU,SBS,dk,,,LP,,,,N,,4,C,Y,0,5
BAU,ESSF,mv,3,,FP,,,,N,,4,C,Y,0,5
BUB,ESSF,mv,1,,LP,,,,N,,4,C,Y,0,5
NEU,ESSF,mc,,,FP,,,,N,,4,C,Y,0,5
KIM,ESSF,mk,,,WB,,,,N,,4,C,Y,0,5
NEU,ESSF,mc,,,AV,,,,N,,3b,,N,0,4
BAU,ESSF,mvp,,,EF,,,,Y,,4,C,Y,0,5
BAU,ESSF,mv,3,,AV,,,,Y,,3b,,N,0,4
KIM,MH,mm,2,,AV,,a,,N,,3b,,N,0,4
BUB,SBS,dk,,,LP,,,,N,,5,C,Y,0,5
BAU,SBS,wk,3,,SL,,,,N,,5,C,Y,0,4
BUB,SBS,dk,,,LP,,a,,N,,5,C,Y,0,5
BUB,SBS,mc,2,,LP,,,,N,,5,C,Y,0,5
BAU,SBS,mc,2,,WR,,,,N,,5,M,Y,0,3
BAU,ESSF,mv,1,,FP,,,,N,,5,C,Y,0,5
BAU,SBS,dk,,,LP,,,,N,,5,C,Y,0,5
BAU,ESSF,mv,3,,FP,,,,N,,5,C,Y,0,5
BUB,ESSF,mv,1,,LP,,,,N,,5,C,Y,0,5
NEU,ESSF,mc,,,FP,,,,N,,5,C,Y,0,5
KIM,ESSF,mk,,,WB,,,,N,,5,C,Y,0,5
BAU,ESSF,mvp,,,EF,,,,Y,,5,C,Y,0,5
BUB,SBS,dk,,,LP,,,,N,,6,C,Y,0,5
BAU,SBS,wk,3,,SL,,,,N,,6,C,Y,0,4
BUB,SBS,dk,,,LP,,a,,N,,6,C,Y,0,4
BUB,SBS,mc,2,,LP,,,,N,,6,C,Y,0,4
BAU,SBS,mc,2,,WR,,,,N,,6,M,Y,0,1
BAU,ESSF,mv,1,,FP,,,,N,,6,C,Y,0,5
BAU,SBS,dk,,,LP,,,,N,,6,C,Y,0,5
BAU,ESSF,mv,3,,FP,,,,N,,6,C,Y,0,5
BUB,ESSF,mv,1,,LP,,,,N,,6,C,Y,0,5
NEU,ESSF,mc,,,FP,,,,N,,6,C,Y,0,5
KIM,ESSF,mk,,,WB,,,,N,,6,C,Y,0,4
BAU,ESSF,mvp,,,EF,,,,Y,,6,C,Y,0,5
BUB,SBS,dk,,,LP,,,,N,,7a,,Y,0,5
BAU,SBS,wk,3,,SL,,,,N,,7a,,Y,0,4
BUB,SBS,dk,,,LP,,a,,N,,7a,,Y,0,4
BUB,SBS,mc,2,,LP,,,,N,,7a,,Y,0,4
BAU,SBS,mc,2,,WR,,,,N,,7a,,Y,0,1
BAU,ESSF,mv,1,,FP,,,,N,,7,C,Y,0,5
BAU,SBS,dk,,,LP,,,,N,,7a,,Y,0,5
BAU,ESSF,mv,3,,FP,,,,N,,7,C,Y,0,5
BUB,ESSF,mv,1,,LP,,,,N,,7a,,Y,0,5
NEU,ESSF,mc,,,FP,,,,N,,7,C,Y,0,5
KIM,ESSF,mk,,,WB,,,,N,,7,C,Y,0,4
BAU,ESSF,mvp,,,EF,,,,Y,,7,C,Y,0,5
