FREQ,BGC_Label,BGC_ZONE,BGC_SUBZON,BGC_VRT,BGC_PHASE,BEU_MC,REALM,GROUP,CLASS,KIND,Forested (Y/N),Strct_Climax,Stand_Climax,Stand_Age_0-15,Stand_Age_16-30,Stand_Age_31-50,Stand_Age_51-80,Stand_Age_80+,Struct_Age_0-3,Struct_Age_4-10,Struct_Age_11-30,Struct_Age_31-40,Struct_Age_41-60,Struct_Age_61-80,Struct_Age_81-139,Struct_Age_140-249,Struct_Age_250+,Snow_Code
,,BAFA,un,,,AG,T,A,g,M,N,2b,,,,,,,2b,2b,2b,2b,2b,2b,2b,2b,2b,
,,BAFA,un,,,AH,T,A,h,M,N,2d,,,,,,,2d,2d,2d,2d,2d,2d,2d,2d,2d,
,,BAFA,un,,,AM,T,A,m,M,N,2a,,,,,,,2a,2a,2a,2a,2a,2a,2a,2a,2a,
,,BAFA,un,,,AN,T,A,,M,N,1c,,,,,,,1c,1c,1c,1c,1c,1c,1c,1c,1c,
,,BAFA,un,,,AS,T,A,s,M,N,3a,,,,,,,2,2,3a,3a,3a,3a,3a,3a,3a,
,,BAFA,un,,,AT,T,A,t,M,N,2d,,,,,,,2d,2d,2d,2d,2d,2d,2d,2d,2d,
,,BAFA,un,,,AU,T,A,,N,N,1a,,,,,,,1a,1a,1a,1a,1a,1a,1a,1a,1a,
,,BAFA,un,,,AV,T,V,s,M,N,3a,,,,,,,3a,3a,3a,3a,3a,3a,3a,3a,3a,
,,BAFA,un,,,BK,T,S,k,M,N,3b,,,,,,,2,2,3a,3a,3b,3b,3b,3b,3b,
,,BAFA,un,,,CL,T,R,c,N,N,1,,,,,,,1,1,1,1,1,1,1,1,1,
,,BAFA,un,,,FE,W,W,f,O,N,2b,,,,,,,2b,2b,2b,2b,2b,2b,2b,2b,2b,
,,BAFA,un,,,FP,T,T,,M,Y,7,C,,,C,C,C,2,2,3a,3b,4,5,6,7,7,
,,BAFA,un,,,GL,T,,,N,N,,,,,,,,,,,,,,,,,
,,BAFA,un,,,HP,T,T,,M,Y,7,C,,,C,C,C,2,2,3a,3b,4,5,6,7,7,
382,,BAFA,un,,,LL,O,,,N,N,,,,,,,,,,,,,,,,,
,,BAFA,un,,,LS,O,,,N,N,,,,,,,,,,,,,,,,,
121,,BAFA,un,,,MI,T,X,,U,N,,,,,,,,,,,,,,,,,
83,,BAFA,un,,,OW,O,,,N,N,,,,,,,,,,,,,,,,,
6,,BAFA,un,,,RI,O,,,N,N,,,,,,,,,,,,,,,,,
1199,,BAFA,un,,,RM,T,X,,U,N,3,,,,,,,2,2,3,3,3,3,3,3,3,
3,,BAFA,un,,,SC,T,S,c,M,N,3b,,,,,,,3a,3a,3b,3b,3b,3b,3b,3b,3b,
19,,BAFA,un,,,SW,W,M,s,M,N,3b,,,,,,,3a,3a,3b,3b,3b,3b,3b,3b,3b,
3,,BAFA,un,,,TA,T,R,t,N,N,1,,,,,,,1,1,1,1,1,1,1,1,1,
1600,,BAFA,un,,,TC,T,X,,U,N,,,,,,,,,,,,,,,,,
79,,BAFA,un,,,TR,T,X,,U,N,3b,,,,,,,2b,3a,3a,3b,3b,3b,3b,3b,3b,
174,,BAFA,un,,,WB,T,,,M,Y,7,C,,,C,C,C,2b,3a,3a,3b,4,5,6,7,7,
228,,BAFA,un,,,WL,W,W,,U,N,3a,,,,,,,2b,2b,3a,3a,3a,3a,3a,3a,3a,
4515,,BAFA,un,,,WP,T,T,,U,Y,7,C,,,C,C,C,2,2,3a,3b,4,5,6,7,7,
8,,BAFA,unp,,,AG,T,A,g,M,N,2b,,,,,,,2b,2b,2b,2b,2b,2b,2b,2b,2b,
98,,BAFA,unp,,,AH,T,A,h,M,N,2d,,,,,,,2d,2d,2d,2d,2d,2d,2d,2d,2d,
16,,BAFA,unp,,,AM,T,A,m,M,N,2a,,,,,,,2a,2a,2a,2a,2a,2a,2a,2a,2a,
3185,,BAFA,unp,,,AN,T,A,,M,N,1c,,,,,,,1c,1c,1c,1c,1c,1c,1c,1c,1c,
85,,BAFA,unp,,,AS,T,A,s,M,N,3a,,,,,,,2,2,3a,3a,3a,3a,3a,3a,3a,
433,,BAFA,unp,,,AT,T,A,t,M,N,2d,,,,,,,2d,2d,2d,2d,2d,2d,2d,2d,2d,
222,,BAFA,unp,,,AU,T,A,,N,N,1a,,,,,,,1a,1a,1a,1a,1a,1a,1a,1a,1a,
9541,,BAFA,unp,,,AV,T,V,s,M,N,3a,,,,,,,3a,3a,3a,3a,3a,3a,3a,3a,3a,
40,,BAFA,unp,,,BK,T,S,k,M,N,3b,,,,,,,2,2,3a,3a,3b,3b,3b,3b,3b,
2455,,BAFA,unp,,,CL,T,R,c,N,N,1,,,,,,,1,1,1,1,1,1,1,1,1,
186,,BAFA,unp,,,FE,W,W,f,O,N,2b,,,,,,,2b,2b,2b,2b,2b,2b,2b,2b,2b,
5106,,BAFA,unp,,,FP,T,T,,M,Y,7,C,,,C,C,C,2,2,3a,3b,4,5,6,7,7,
593,,BAFA,unp,,,GL,T,,,N,N,,,,,,,,,,,,,,,,,
516,,BAFA,unp,,,HP,T,T,,M,Y,7,C,,,C,C,C,2,2,3a,3b,4,5,6,7,7,
254,,BAFA,unp,,,LL,O,,,N,N,,,,,,,,,,,,,,,,,
35,,BAFA,unp,,,LS,O,,,N,N,,,,,,,,,,,,,,,,,
4,,BAFA,unp,,,MI,T,X,,U,N,,,,,,,,,,,,,,,,,
446,,BAFA,unp,,,OW,O,,,N,N,,,,,,,,,,,,,,,,,
1547,,BAFA,unp,,,RI,O,,,N,N,,,,,,,,,,,,,,,,,
4481,,BAFA,unp,,,RM,T,X,,U,N,3,,,,,,,2,2,3,3,3,3,3,3,3,
1175,,BAFA,unp,,,SC,T,S,c,M,N,3b,,,,,,,3a,3a,3b,3b,3b,3b,3b,3b,3b,
264,,BAFA,unp,,,SW,W,M,s,M,N,3b,,,,,,,3a,3a,3b,3b,3b,3b,3b,3b,3b,
2945,,BAFA,unp,,,TA,T,R,t,N,N,1,,,,,,,1,1,1,1,1,1,1,1,1,
2751,,BAFA,unp,,,TC,T,X,,U,N,,,,,,,,,,,,,,,,,
599,,BAFA,unp,,,TR,T,X,,U,N,3b,,,,,,,2b,3a,3a,3b,3b,3b,3b,3b,3b,
328,,BAFA,unp,,,WL,W,W,,U,N,3a,,,,,,,2b,2b,3a,3a,3a,3a,3a,3a,3a,
164,,BAFA,unp,,,WP,T,T,,U,Y,7,C,,,C,C,C,2,2,3a,3b,4,5,6,7,7,
52,,CMA,un,,,AG,T,A,g,M,N,2b,,,,,,,2b,2b,2b,2b,2b,2b,2b,2b,2b,
19,,CMA,un,,,AH,T,A,h,M,N,2d,,,,,,,2d,2d,2d,2d,2d,2d,2d,2d,2d,
153,,CMA,un,,,AM,T,A,m,M,N,2a,,,,,,,2a,2a,2a,2a,2a,2a,2a,2a,2a,
56,,CMA,un,,,AN,T,A,,M,N,1c,,,,,,,1c,1c,1c,1c,1c,1c,1c,1c,1c,
1341,,CMA,un,,,AS,T,A,s,M,N,3a,,,,,,,2,2,3a,3a,3a,3a,3a,3a,3a,
124,,CMA,un,,,AT,T,A,t,M,N,2d,,,,,,,2d,2d,2d,2d,2d,2d,2d,2d,2d,
5,,CMA,un,,,AU,T,A,,N,N,1a,,,,,,,1a,1a,1a,1a,1a,1a,1a,1a,1a,
489,,CMA,un,,,AV,T,V,s,M,N,3a,,,,,,,3a,3a,3a,3a,3a,3a,3a,3a,3a,
66,,CMA,un,,,CL,T,R,c,N,N,1,,,,,,,1,1,1,1,1,1,1,1,1,
261,,CMA,un,,,GL,T,,,N,N,,,,,,,,,,,,,,,,,
3143,,CMA,un,,,HP,T,T,,M,Y,7,C,,,C,C,C,2,2,3a,3b,4,5,6,7,7,
3447,,CMA,un,,,LL,O,,,N,N,,,,,,,,,,,,,,,,,
1265,,CMA,un,,,LS,O,,,N,N,,,,,,,,,,,,,,,,,
203,,CMA,un,,,MI,T,X,,U,N,,,,,,,,,,,,,,,,,
28,,CMA,un,,,OW,O,,,N,N,,,,,,,,,,,,,,,,,
1543,,CMA,un,,,RI,O,,,N,N,,,,,,,,,,,,,,,,,
20,,CMA,un,,,RM,T,X,,U,N,3,,,,,,,2,2,3,3,3,3,3,3,3,
91,,CMA,un,,,SC,T,S,c,M,N,3b,,,,,,,3a,3a,3b,3b,3b,3b,3b,3b,3b,
205,,CMA,un,,,SW,W,M,s,M,N,3b,,,,,,,3a,3a,3b,3b,3b,3b,3b,3b,3b,
123,,CMA,un,,,TA,T,R,t,N,N,1,,,,,,,1,1,1,1,1,1,1,1,1,
,,CMA,un,,,TC,T,X,,U,N,,,,,,,,,,,,,,,,,
16,,CMA,un,,,TR,T,X,,U,N,3b,,,,,,,2b,3a,3a,3b,3b,3b,3b,3b,3b,
16,,CMA,un,,,WB,T,,,M,Y,7,C,,,C,C,C,2b,3a,3a,3b,4,5,6,7,7,
2,,CMA,un,,,WL,W,W,,U,N,3a,,,,,,,2b,2b,3a,3a,3a,3a,3a,3a,3a,
10,,CMA,unp,,,AG,T,A,g,M,N,2b,,,,,,,2b,2b,2b,2b,2b,2b,2b,2b,2b,
480,,CMA,unp,,,AH,T,A,h,M,N,2d,,,,,,,2d,2d,2d,2d,2d,2d,2d,2d,2d,
974,,CMA,unp,,,AM,T,A,m,M,N,2a,,,,,,,2a,2a,2a,2a,2a,2a,2a,2a,2a,
35,,CMA,unp,,,AN,T,A,,M,N,1c,,,,,,,1c,1c,1c,1c,1c,1c,1c,1c,1c,
1826,,CMA,unp,,,AS,T,A,s,M,N,3a,,,,,,,2,2,3a,3a,3a,3a,3a,3a,3a,
391,,CMA,unp,,,AT,T,A,t,M,N,2d,,,,,,,2d,2d,2d,2d,2d,2d,2d,2d,2d,
6,,CMA,unp,,,AU,T,A,,N,N,1a,,,,,,,1a,1a,1a,1a,1a,1a,1a,1a,1a,
,,CMA,unp,,,AV,T,V,s,M,N,3a,,,,,,,3a,3a,3a,3a,3a,3a,3a,3a,3a,
,,CMA,unp,,,CL,T,R,c,N,N,1,,,,,,,1,1,1,1,1,1,1,1,1,
,,CMA,unp,,,FE,W,W,f,O,N,2b,,,,,,,2b,2b,2b,2b,2b,2b,2b,2b,2b,
,,CMA,unp,,,GL,T,,,N,N,,,,,,,,,,,,,,,,,
113,,CMA,unp,,,HP,T,T,,M,Y,7,C,,,C,C,C,2,2,3a,3b,4,5,6,7,7,
3,,CMA,unp,,,LL,O,,,N,N,,,,,,,,,,,,,,,,,
71,,CMA,unp,,,LS,O,,,N,N,,,,,,,,,,,,,,,,,
35,,CMA,unp,,,MI,T,X,,U,N,,,,,,,,,,,,,,,,,
1,,CMA,unp,,,OW,O,,,N,N,,,,,,,,,,,,,,,,,
1,,CMA,unp,,,RI,O,,,N,N,,,,,,,,,,,,,,,,,
16,,CMA,unp,,,RM,T,X,,U,N,3,,,,,,,2,2,3,3,3,3,3,3,3,
77,,CMA,unp,,,SC,T,S,c,M,N,3b,,,,,,,3a,3a,3b,3b,3b,3b,3b,3b,3b,
2,,CMA,unp,,,SW,W,M,s,M,N,3b,,,,,,,3a,3a,3b,3b,3b,3b,3b,3b,3b,
660,,CMA,unp,,,TA,T,R,t,N,N,1,,,,,,,1,1,1,1,1,1,1,1,1,
447,,CMA,unp,,,TC,T,X,,U,N,,,,,,,,,,,,,,,,,
18856,,CMA,unp,,,TR,T,X,,U,N,3b,,,,,,,2b,3a,3a,3b,3b,3b,3b,3b,3b,
144,,CMA,unp,,,WL,W,W,,U,N,3a,,,,,,,2b,2b,3a,3a,3a,3a,3a,3a,3a,
79,,CWH,ds,2,,CD,T,T,,M,Y,7a,C,,,C,C,C,2,3a,3b,3c,4,5,6,7a,7a,
4,,CWH,ds,2,,CP,T,T,,M,Y,7a,C,,,C,C,C,2,3a,3b,3c,4,5,6,7a,7a,
3,,CWH,ds,2,,CR,T,F,h,M,Y,7a,M,,,M,M,M,2,3a,3b,3c,4,5,6,7a,7a,
203,,CWH,ds,2,,CW,T,T,,M,Y,7a,C,,,C,C,C,2,3a,3b,3c,4,5,6,7a,7a,
6,,CWH,ds,2,,FR,T,T,,M,Y,7,C,,,C,C,C,2,2,3a,3b,4,5,6,7,7,
5,,CWH,ds,2,,HB,T,T,,M,Y,7a,C,,,C,C,C,2,3a,3b,3c,4,5,6,7a,7a,
,,CWH,ds,2,,RI,O,,,N,N,,,,,,,,,,,,,,,,,
,,CWH,ds,2,,RS,W,W,s,O,N,7,C,,,C,C,C,2,2,3a,3b,4,5,6,7,7,
295,,CWH,ds,2,,TA,T,R,t,N,N,1,,,,,,,1,1,1,1,1,1,1,1,1,
8,,CWH,ms,2,,CD,T,T,,M,Y,7a,C,,,C,C,C,2,3a,3b,3c,4,5,6,7a,7a,
29,,CWH,ms,2,,CH,T,T,,M,Y,7a,C,,,C,C,C,2,3a,3b,3c,4,5,6,7a,7a,
2,,CWH,ms,2,,CP,T,T,,M,Y,7a,C,,,C,C,C,2,3a,3b,3c,4,5,6,7a,7a,
,,CWH,ms,2,,CR,T,F,h,M,Y,7a,M,,,M,M,M,2,3a,3b,3c,4,5,6,7a,7a,
,,CWH,ms,2,,CW,T,T,,M,Y,7a,C,,,C,C,C,2,3a,3b,3c,4,5,6,7a,7a,
46883,,CWH,ms,2,,FR,T,T,,M,Y,7,C,,,C,C,C,2,2,3a,3b,4,5,6,7,7,
6438,,CWH,ms,2,,HS,T,T,,M,Y,7,C,,,C,C,C,2,2,3a,3b,4,5,6,7,7,
2993,,CWH,ms,2,,RI,O,,,N,N,,,,,,,,,,,,,,,,,
45,,CWH,ms,2,,RS,W,W,s,O,N,7,C,,,C,C,C,2,2,3a,3b,4,5,6,7,7,
112,,CWH,ms,2,,SR,T,T,,M,Y,7a,M,,M,M,M,M,2,3a,3b,3c,4,5,6,7a,7a,
66,,CWH,ms,2,,ST,O,,,N,N,,,,,,,,,,,,,,,,,
658,,CWH,ms,2,,TA,T,R,t,N,N,1,,,,,,,1,1,1,1,1,1,1,1,1,
,,CWH,vh,2,,AV,T,V,s,M,N,3b,,,,,,,2b,3a,3a,3a,3b,3b,3b,3b,3b,
367,,CWH,vh,2,,CB,W,P,b,O,Y,7,C,,,C,C,C,2,3a,3a,3b,4,5,6,7,7,
30,,CWH,vh,2,,CH,T,T,,M,Y,7a,C,,,C,C,C,2,3a,3b,3c,4,5,6,7a,7a,
6,,CWH,vh,2,,CL,T,R,c,N,N,1,,,,,,,1,1,1,1,1,1,1,1,1,
217,,CWH,vh,2,,FR,T,T,,M,Y,7a,C,,,C,C,C,2,3a,3b,3c,4,5,6,7a,7a,
239,,CWH,vh,2,,HL,T,T,,M,Y,7a,C,,,C,C,C,2,3a,3b,3c,4,5,6,7a,7a,
375,,CWH,vh,2,,HS,T,T,,M,Y,7a,C,,,C,C,C,2,3a,3b,3c,4,5,6,7a,7a,
100,,CWH,vh,2,,LL,O,,,N,N,,,,,,,,,,,,,,,,,
20,,CWH,vh,2,,LS,O,,,N,N,,,,,,,,,,,,,,,,,
201,,CWH,vh,2,,ME,T,G,m,M,N,2a,,,,,,,2a,2a,2a,2a,2a,2a,2a,2a,2a,
41,,CWH,vh,2,,OW,O,,,N,N,,,,,,,,,,,,,,,,,
56,,CWH,vh,2,,RI,O,,,N,N,,,,,,,,,,,,,,,,,
1,,CWH,vh,2,,RO,T,R,o,N,N,1,,,,,,,1,1,1,1,1,1,1,1,1,
7,,CWH,vh,2,,SC,T,S,c,M,N,3b,,,,,,,3a,3a,3b,3b,3b,3b,3b,3b,3b,
1,,CWH,vh,2,,SR,T,T,,M,Y,7a,M,,M,M,M,M,2,3a,3b,3c,4,5,6,7a,7a,
7,,CWH,vh,2,,ST,O,,,N,N,,,,,,,,,,,,,,,,,
2,,CWH,vh,2,,SW,W,M,s,M,N,3b,,,,,,,3a,3a,3b,3b,3b,3b,3b,3b,3b,
41,,CWH,vh,2,,UR,T,X,a,U,N,,,,,,,,,,,,,,,,,
7,,CWH,vh,2,,UV,T,,,U,N,1,,,,,,,1,1,1,1,1,1,1,1,1,
1,,CWH,vh,2,,WL,W,W,,U,N,3,,,,,,,2b,3,3,3,3,3,3,3,3,
2,,CWH,vh,2,,YB,W,P,b,O,Y,7,C,,,C,C,C,2,2,3a,3b,4,5,6,7,7,
9,,CWH,vh,2,,YM,T,T,,M,Y,7a,C,,,C,C,C,2,3a,3b,3c,4,5,6,7a,7a,
1,,CWH,vh,2,,YS,W,W,s,O,Y,7,C,,,C,C,C,2,2,3a,3b,4,5,6,7,7,
238,,CWH,vm,1,,AV,T,V,s,M,N,3b,,,,,,,2b,3a,3a,3a,3b,3b,3b,3b,3b,
106,,CWH,vm,1,,CB,W,P,b,O,Y,7,C,,,C,C,C,2,3a,3a,3b,4,5,6,7,7,
86,,CWH,vm,1,,CD,T,T,,M,Y,7a,C,,,C,C,C,2,3a,3b,3c,4,5,6,7a,7a,
27,,CWH,vm,1,,CH,T,T,,M,Y,7a,C,,,C,C,C,2,3a,3b,3c,4,5,6,7a,7a,
2,,CWH,vm,1,,CL,T,R,c,N,N,1,,,,,,,1,1,1,1,1,1,1,1,1,
1,,CWH,vm,1,,CR,T,F,h,M,Y,7a,M,,,M,M,M,2,3a,3b,3c,4,5,6,7a,7a,
3,,CWH,vm,1,,CW,T,T,,M,Y,7a,C,,,C,C,C,2,3a,3b,3c,4,5,6,7a,7a,
1,,CWH,vm,1,,ES,E,,,,N,,,,,,,,,,,,,,,,,
18,,CWH,vm,1,,FR,T,T,,M,Y,7a,C,,,C,C,C,2,3a,3b,3c,4,5,6,7a,7a,
,,CWH,vm,1,,GB,T,F,a,N,N,1a,,,,,,,1a,1a,1a,1a,1a,1a,1a,1a,1a,
,,CWH,vm,1,,GP,T,X,a,N,N,1,,,,,,,1,1,1,1,1,1,1,1,1,
,,CWH,vm,1,,HB,T,T,,M,Y,7a,C,,,C,C,C,2,3a,3b,3c,4,5,6,7a,7a,
,,CWH,vm,1,,HL,T,T,,M,Y,7a,C,,,C,C,C,2,3a,3b,3c,4,5,6,7a,7a,
1,,CWH,vm,1,,HS,T,T,,M,Y,7a,C,,,C,C,C,2,3a,3b,3c,4,5,6,7a,7a,
99,,CWH,vm,1,,LL,O,,,N,N,,,,,,,,,,,,,,,,,
27,,CWH,vm,1,,LS,O,,,N,N,,,,,,,,,,,,,,,,,
335,,CWH,vm,1,,MI,T,X,a,U,N,,,,,,,,,,,,,,,,,
56,,CWH,vm,1,,OW,O,,,N,N,,,,,,,,,,,,,,,,,
,,CWH,vm,1,,RE,O,,,N,N,,,,,,,,,,,,,,,,,
,,CWH,vm,1,,RI,O,,,N,N,,,,,,,,,,,,,,,,,
219,,CWH,vm,1,,RO,T,R,o,N,N,1,,,,,,,1,1,1,1,1,1,1,1,1,
9171,,CWH,vm,1,,RS,W,W,s,O,N,7,C,,,C,C,C,2,2,3a,3b,4,5,6,7,7,
12791,,CWH,vm,1,,SC,T,S,c,M,N,3b,,,,,,,3a,3a,3b,3b,3b,3b,3b,3b,3b,
3810,,CWH,vm,1,,SR,T,T,,M,Y,7a,M,,M,M,M,M,2,3a,3b,3c,4,5,6,7a,7a,
18,,CWH,vm,1,,ST,O,,,N,N,,,,,,,,,,,,,,,,,
6,,CWH,vm,1,,SW,W,M,s,M,N,3b,,,,,,,3a,3a,3b,3b,3b,3b,3b,3b,3b,
1943,,CWH,vm,1,,TA,T,R,t,N,N,1,,,,,,,1,1,1,1,1,1,1,1,1,
,,CWH,vm,1,,UR,T,X,a,U,N,,,,,,,,,,,,,,,,,
,,CWH,vm,1,,UV,T,,,U,N,1,,,,,,,1,1,1,1,1,1,1,1,1,
25,,CWH,vm,1,,WL,W,W,,U,N,3,,,,,,,2b,3,3,3,3,3,3,3,3,
6,,CWH,vm,1,,YB,W,P,b,O,Y,7,C,,,C,C,C,2,2,3a,3b,4,5,6,7,7,
2225,,CWH,vm,2,,AM,T,A,m,M,N,2a,,,,,,,2a,2a,2a,2a,2a,2a,2a,2a,2a,
3,,CWH,vm,2,,AV,T,V,s,M,N,3b,,,,,,,2b,3a,3a,3a,3b,3b,3b,3b,3b,
6518,,CWH,vm,2,,CB,W,P,b,O,Y,7,C,,,C,C,C,2,3a,3a,3b,4,5,6,7,7,
439,,CWH,vm,2,,CH,T,T,,M,Y,7a,C,,,C,C,C,2,3a,3b,3c,4,5,6,7a,7a,
120,,CWH,vm,2,,CL,T,R,c,N,N,1,,,,,,,1,1,1,1,1,1,1,1,1,
9,,CWH,vm,2,,CW,T,T,,M,Y,7a,C,,,C,C,C,2,3a,3b,3c,4,5,6,7a,7a,
,,CWH,vm,2,,FR,T,T,,M,Y,7a,C,,,C,C,C,2,3a,3b,3c,4,5,6,7a,7a,
,,CWH,vm,2,,HL,T,T,,M,Y,7a,C,,,C,C,C,2,3a,3b,3c,4,5,6,7a,7a,
33569,,CWH,vm,2,,HS,T,T,,M,Y,7a,C,,,C,C,C,2,3a,3b,3c,4,5,6,7a,7a,
3232,,CWH,vm,2,,LL,O,,,N,N,,,,,,,,,,,,,,,,,
2055,,CWH,vm,2,,LS,O,,,N,N,,,,,,,,,,,,,,,,,
119,,CWH,vm,2,,ME,T,G,m,M,N,2a,,,,,,,2a,2a,2a,2a,2a,2a,2a,2a,2a,
7117,,CWH,vm,2,,OW,O,,,N,N,,,,,,,,,,,,,,,,,
990,,CWH,vm,2,,RI,O,,,N,N,,,,,,,,,,,,,,,,,
181,,CWH,vm,2,,RO,T,R,o,N,N,1,,,,,,,1,1,1,1,1,1,1,1,1,
768,,CWH,vm,2,,RS,W,W,s,O,N,7,C,,,C,C,C,2,2,3a,3b,4,5,6,7,7,
85,,CWH,vm,2,,SC,T,S,c,M,N,3b,,,,,,,3a,3a,3b,3b,3b,3b,3b,3b,3b,
3415,,CWH,vm,2,,SR,T,T,,M,Y,7a,M,,M,M,M,M,2,3a,3b,3c,4,5,6,7a,7a,
61,,CWH,vm,2,,ST,O,,,N,N,,,,,,,,,,,,,,,,,
59,,CWH,vm,2,,SW,W,M,s,M,N,3b,,,,,,,3a,3a,3b,3b,3b,3b,3b,3b,3b,
514,,CWH,vm,2,,TA,T,R,t,N,N,1,,,,,,,1,1,1,1,1,1,1,1,1,
1,,CWH,vm,2,,UR,T,X,a,U,N,,,,,,,,,,,,,,,,,
206,,CWH,vm,2,,UV,T,,,U,N,1,,,,,,,1,1,1,1,1,1,1,1,1,
3,,CWH,vm,2,,WL,W,W,,U,N,3,,,,,,,2b,3,3,3,3,3,3,3,3,
34,,CWH,vm,2,,YB,W,P,b,O,Y,7,C,,,C,C,C,2,2,3a,3b,4,5,6,7,7,
14,,CWH,vm,2,,YM,T,T,,M,Y,7a,C,,,C,C,C,2,3a,3b,3c,4,5,6,7a,7a,
189,,CWH,vm,2,,YS,W,W,s,O,Y,7,C,,,C,C,C,2,2,3a,3b,4,5,6,7,7,
2,,CWH,wm,,,AV,T,V,s,M,N,3b,,,,,,,2b,3a,3a,3a,3b,3b,3b,3b,3b,
34,,CWH,wm,,,CH,T,T,,M,Y,7a,C,,,C,C,C,2,3a,3b,3c,4,5,6,7a,7a,
9,,CWH,wm,,,CL,T,R,c,N,N,1,,,,,,,1,1,1,1,1,1,1,1,1,
61062,,CWH,wm,,,CR,T,F,h,M,Y,7a,M,,,M,M,M,2,3a,3b,3c,4,5,6,7a,7a,
6736,,CWH,wm,,,ES,E,,,,N,,,,,,,,,,,,,,,,,
7986,,CWH,wm,,,FR,T,T,,M,Y,7a,C,,,C,C,C,2,3a,3b,3c,4,5,6,7a,7a,
1246,,CWH,wm,,,GL,T,,,N,N,,,,,,,,,,,,,,,,,
2443,,CWH,wm,,,GP,T,X,a,N,N,1,,,,,,,1,1,1,1,1,1,1,1,1,
2755,,CWH,wm,,,HB,T,T,,M,Y,7a,C,,,C,C,C,2,3a,3b,3c,4,5,6,7a,7a,
543,,CWH,wm,,,HL,T,T,,M,Y,7a,C,,,C,C,C,2,3a,3b,3c,4,5,6,7a,7a,
1568,,CWH,wm,,,HS,T,T,,M,Y,7a,C,,,C,C,C,2,3a,3b,3c,4,5,6,7a,7a,
214,,CWH,wm,,,LL,O,,,N,N,,,,,,,,,,,,,,,,,
27272,,CWH,wm,,,LS,O,,,N,N,,,,,,,,,,,,,,,,,
1945,,CWH,wm,,,ME,T,G,m,M,N,2a,,,,,,,2a,2a,2a,2a,2a,2a,2a,2a,2a,
24,,CWH,wm,,,OW,O,,,N,N,,,,,,,,,,,,,,,,,
68,,CWH,wm,,,RI,O,,,N,N,,,,,,,,,,,,,,,,,
6,,CWH,wm,,,RO,T,R,o,N,N,1,,,,,,,1,1,1,1,1,1,1,1,1,
1,,CWH,wm,,,SC,T,S,c,M,N,3b,,,,,,,3a,3a,3b,3b,3b,3b,3b,3b,3b,
501,,CWH,wm,,,SR,T,T,,M,Y,7a,M,,M,M,M,M,2,3a,3b,3c,4,5,6,7a,7a,
662,,CWH,wm,,,ST,O,,,N,N,,,,,,,,,,,,,,,,,
6724,,CWH,wm,,,SW,W,M,s,M,N,3b,,,,,,,3a,3a,3b,3b,3b,3b,3b,3b,3b,
2516,,CWH,wm,,,UR,T,X,a,U,N,,,,,,,,,,,,,,,,,
60,,CWH,wm,,,UV,T,,,U,N,1,,,,,,,1,1,1,1,1,1,1,1,1,
4,,CWH,wm,,,WL,W,W,,U,N,3,,,,,,,2b,3,3,3,3,3,3,3,3,
918,,CWH,ws,1,,AV,T,V,s,M,N,3b,,,,,,,2b,3a,3a,3a,3b,3b,3b,3b,3b,
675,,CWH,ws,1,,CB,W,P,b,O,Y,7,C,,,C,C,C,2,3a,3a,3b,4,5,6,7,7,
1,,CWH,ws,1,,CH,T,T,,M,Y,7a,C,,,C,C,C,2,3a,3b,3c,4,5,6,7a,7a,
31,,CWH,ws,1,,CL,T,R,c,N,N,1,,,,,,,1,1,1,1,1,1,1,1,1,
65,,CWH,ws,1,,CR,T,F,h,M,Y,7a,M,,,M,M,M,2,3a,3b,3c,4,5,6,7a,7a,
53,,CWH,ws,1,,FR,T,T,,M,Y,7a,C,,,C,C,C,2,3a,3b,3c,4,5,6,7a,7a,
1,,CWH,ws,1,,GP,T,X,a,N,N,1,,,,,,,1,1,1,1,1,1,1,1,1,
2,,CWH,ws,1,,HB,T,T,,M,Y,7a,C,,,C,C,C,2,3a,3b,3c,4,5,6,7a,7a,
3805,,CWH,ws,1,,HL,T,T,,M,Y,7a,C,,,C,C,C,2,3a,3b,3c,4,5,6,7a,7a,
17179,,CWH,ws,1,,HS,T,T,,M,Y,7a,C,,,C,C,C,2,3a,3b,3c,4,5,6,7a,7a,
18121,,CWH,ws,1,,LL,O,,,N,N,,,,,,,,,,,,,,,,,
1379,,CWH,ws,1,,LS,O,,,N,N,,,,,,,,,,,,,,,,,
10685,,CWH,ws,1,,ME,T,G,m,M,N,2a,,,,,,,2a,2a,2a,2a,2a,2a,2a,2a,2a,
18610,,CWH,ws,1,,OW,O,,,N,N,,,,,,,,,,,,,,,,,
57,,CWH,ws,1,,RI,O,,,N,N,,,,,,,,,,,,,,,,,
,,CWH,ws,1,,RO,T,R,o,N,N,1,,,,,,,1,1,1,1,1,1,1,1,1,
,,CWH,ws,1,,RS,W,W,s,O,N,7,C,,,C,C,C,2,2,3a,3b,4,5,6,7,7,
6,,CWH,ws,1,,SC,T,S,c,M,N,3b,,,,,,,3a,3a,3b,3b,3b,3b,3b,3b,3b,
11,,CWH,ws,1,,SR,T,T,,M,Y,7a,M,,M,M,M,M,2,3a,3b,3c,4,5,6,7a,7a,
3907,,CWH,ws,1,,SW,W,M,s,M,N,3b,,,,,,,3a,3a,3b,3b,3b,3b,3b,3b,3b,
15,,CWH,ws,1,,TA,T,R,t,N,N,1,,,,,,,1,1,1,1,1,1,1,1,1,
2785,,CWH,ws,1,,TC,T,X,a,U,N,,,,,,,,,,,,,,,,,
207,,CWH,ws,1,,UR,T,X,a,U,N,,,,,,,,,,,,,,,,,
3,,CWH,ws,1,,UV,T,,,U,N,1,,,,,,,1,1,1,1,1,1,1,1,1,
7,,CWH,ws,1,,WL,W,W,,U,N,3,,,,,,,2b,3,3,3,3,3,3,3,3,
184,,CWH,ws,2,,AV,T,V,s,M,N,3b,,,,,,,2b,3a,3a,3a,3b,3b,3b,3b,3b,
810,,CWH,ws,2,,BB,W,P,b,O,N,3b,,,,,,,2,2,3a,3a,3b,3b,3b,3b,3b,
147,,CWH,ws,2,,CB,W,P,b,O,Y,7,C,,,C,C,C,2,3a,3a,3b,4,5,6,7,7,
6,,CWH,ws,2,,CD,T,T,,M,Y,7a,C,,,C,C,C,2,3a,3b,3c,4,5,6,7a,7a,
97,,CWH,ws,2,,CH,T,T,,M,Y,7a,C,,,C,C,C,2,3a,3b,3c,4,5,6,7a,7a,
89,,CWH,ws,2,,CL,T,R,c,N,N,1,,,,,,,1,1,1,1,1,1,1,1,1,
181,,CWH,ws,2,,CP,T,T,,M,Y,7a,C,,,C,C,C,2,3a,3b,3c,4,5,6,7a,7a,
38,,CWH,ws,2,,CR,T,F,h,M,Y,7a,M,,,M,M,M,2,3a,3b,3c,4,5,6,7a,7a,
75,,CWH,ws,2,,CW,T,T,,M,Y,7a,C,,,C,C,C,2,3a,3b,3c,4,5,6,7a,7a,
2,,CWH,ws,2,,FR,T,T,,M,Y,7a,C,,,C,C,C,2,3a,3b,3c,4,5,6,7a,7a,
1111,,CWH,ws,2,,GB,T,F,a,N,N,1a,,,,,,,1a,1a,1a,1a,1a,1a,1a,1a,1a,
27,,CWH,ws,2,,GL,T,,,N,N,,,,,,,,,,,,,,,,,
305,,CWH,ws,2,,GP,T,X,a,N,N,1,,,,,,,1,1,1,1,1,1,1,1,1,
7,,CWH,ws,2,,HB,T,T,,M,Y,7a,C,,,C,C,C,2,3a,3b,3c,4,5,6,7a,7a,
1,,CWH,ws,2,,HL,T,T,,M,Y,7a,C,,,C,C,C,2,3a,3b,3c,4,5,6,7a,7a,
6,,CWH,ws,2,,HS,T,T,,M,Y,7a,C,,,C,C,C,2,3a,3b,3c,4,5,6,7a,7a,
1,,CWH,ws,2,,LL,O,,,N,N,,,,,,,,,,,,,,,,,
1,,CWH,ws,2,,LS,O,,,N,N,,,,,,,,,,,,,,,,,
21,,CWH,ws,2,,ME,T,G,m,M,N,2a,,,,,,,2a,2a,2a,2a,2a,2a,2a,2a,2a,
2,,CWH,ws,2,,OW,O,,,N,N,,,,,,,,,,,,,,,,,
1,,CWH,ws,2,,RI,O,,,N,N,,,,,,,,,,,,,,,,,
1,,CWH,ws,2,,RO,T,R,o,N,N,1,,,,,,,1,1,1,1,1,1,1,1,1,
31,,CWH,ws,2,,RS,W,W,s,O,N,7,C,,,C,C,C,2,2,3a,3b,4,5,6,7,7,
22,,CWH,ws,2,,SC,T,S,c,M,N,3b,,,,,,,3a,3a,3b,3b,3b,3b,3b,3b,3b,
1,,CWH,ws,2,,SL,T,T,,M,Y,7a,C,,,C,C,C,2,3a,3b,3c,4,5,6,7a,7a,
,,CWH,ws,2,,SR,T,T,,M,Y,7a,M,,M,M,M,M,2,3a,3b,3c,4,5,6,7a,7a,
,,CWH,ws,2,,SW,W,M,s,M,N,3b,,,,,,,3a,3a,3b,3b,3b,3b,3b,3b,3b,
,,CWH,ws,2,,TA,T,R,t,N,N,1,,,,,,,1,1,1,1,1,1,1,1,1,
3,,CWH,ws,2,,UR,T,X,a,U,N,,,,,,,,,,,,,,,,,
9,,CWH,ws,2,,UV,T,,,U,N,1,,,,,,,1,1,1,1,1,1,1,1,1,
519,,CWH,ws,2,,WL,W,W,,U,N,3,,,,,,,2b,3,3,3,3,3,3,3,3,
271,,ESSF,mc,,,AV,T,V,s,M,N,3b,,,,,,,2b,3a,3a,3a,3b,3b,3b,3b,3b,
,,ESSF,mc,,,BB,W,P,b,O,N,3b,,,,,,,2,2,3a,3a,3b,3b,3b,3b,3b,
1045,,ESSF,mc,,,BG,W,W,b,O,N,3a,,,,,,,2,2,3a,3a,3a,3a,3a,3a,3a,
55,,ESSF,mc,,,BR,T,,,U,N,3b,,,,,,,2,2,3a,3a,3b,3b,3b,3b,3b,
104,,ESSF,mc,,,CF,T,X,,U,N,2b,,,,,,,2b,2b,2b,2b,2b,2b,2b,2b,2b,
26,,ESSF,mc,,,CL,T,R,c,N,N,1,,,,,,,1,1,1,1,1,1,1,1,1,
1033,,ESSF,mc,,,EF,T,T,,M,Y,7,C,,,C,C,C,2,3a,3a,3b,4,5,6,7,7,
1056,,ESSF,mc,,,ER,T,F,h,M,Y,7a,M,,B,M,M,M,2,3a,3b,3c,4,5,6,7a,7a,
101,,ESSF,mc,,,EW,T,T,,M,Y,7a,C,,,C,C,C,2,3a,3b,3c,4,5,6,7a,7a,
13,,ESSF,mc,,,FE,W,W,f,O,N,2b,,,,,,,2b,2b,2b,2b,2b,2b,2b,2b,2b,
97,,ESSF,mc,,,FP,T,T,,M,Y,7,C,,,C,C,C,2,2,3a,3b,4,5,6,7,7,
91,,ESSF,mc,,,GL,T,,,N,N,,,,,,,,,,,,,,,,,
1,,ESSF,mc,,,GP,T,X,a,N,N,1,,,,,,,1,1,1,1,1,1,1,1,1,
3182,,ESSF,mc,,,LL,O,,,N,N,,,,,,,,,,,,,,,,,
4889,,ESSF,mc,,,LP,T,T,,M,Y,7a,C,,,C,C,C,2,3a,3b,3c,4,5,6,7a,7a,
3161,,ESSF,mc,,,LS,O,,,N,N,,,,,,,,,,,,,,,,,
382,,ESSF,mc,,,ME,T,G,m,M,N,2a,,,,,,,2a,2a,2a,2a,2a,2a,2a,2a,2a,
104,,ESSF,mc,,,MI,T,X,,U,N,,,,,,,,,,,,,,,,,
231,,ESSF,mc,,,OW,O,,,N,N,,,,,,,,,,,,,,,,,
500,,ESSF,mc,,,RE,O,,,N,N,,,,,,,,,,,,,,,,,
120,,ESSF,mc,,,RI,O,,,N,N,,,,,,,,,,,,,,,,,
5319,,ESSF,mc,,,RO,T,R,o,N,N,1,,,,,,,1,1,1,1,1,1,1,1,1,
41,,ESSF,mc,,,SC,T,S,c,M,N,3b,,,,,,,3a,3a,3b,3b,3b,3b,3b,3b,3b,
19,,ESSF,mc,,,SG,T,G,b,M,N,2b,,,,,,,2b,2b,2b,2b,2b,2b,2b,2b,2b,
3,,ESSF,mc,,,SH,W,W,f,O,N,3a,,,,,,,2,2,3a,3a,3a,3a,3a,3a,3a,
,,ESSF,mc,,,SM,T,A,m,M,N,2a,,,,,,,2a,2a,2a,2a,2a,2a,2a,2a,2a,
6,,ESSF,mc,,,SW,W,M,s,M,N,3b,,,,,,,3a,3a,3b,3b,3b,3b,3b,3b,3b,
252,,ESSF,mc,,,TA,T,R,t,N,N,1,,,,,,,1,1,1,1,1,1,1,1,1,
693,,ESSF,mc,,,TC,T,X,,U,N,,,,,,,,,,,,,,,,,
12013,,ESSF,mc,,,TR,T,X,,U,N,3b,,,,,,,2b,3a,3a,3b,3b,3b,3b,3b,3b,
5891,,ESSF,mc,,,UR,T,X,,U,N,,,,,,,,,,,,,,,,,
3138,,ESSF,mc,,,UV,T,,,U,N,1,,,,,,,1,1,1,1,1,1,1,1,1,
3,,ESSF,mc,,,WB,T,,,M,Y,7,C,,,C,C,C,2b,3a,3a,3b,4,5,6,7,7,
1,,ESSF,mc,,,WL,W,W,,U,N,3a,,,,,,,2b,2b,3a,3a,3a,3a,3a,3a,3a,
140,,ESSF,mc,,,WP,T,T,,U,Y,7,C,,,C,C,C,2,2,3a,3b,4,5,6,7,7,
50,,ESSF,mcp,,,AG,T,A,g,M,N,2b,,,,,,,2b,2b,2b,2b,2b,2b,2b,2b,2b,
20,,ESSF,mcp,,,AM,T,A,m,M,N,2a,,,,,,,2a,2a,2a,2a,2a,2a,2a,2a,2a,
3,,ESSF,mcp,,,AT,T,A,t,M,N,2d,,,,,,,2d,2d,2d,2d,2d,2d,2d,2d,2d,
9,,ESSF,mcp,,,AU,T,A,,N,N,1a,,,,,,,1a,1a,1a,1a,1a,1a,1a,1a,1a,
85,,ESSF,mcp,,,AV,T,V,s,M,N,3a,,,,,,,3a,3a,3a,3a,3a,3a,3a,3a,3a,
111,,ESSF,mcp,,,BB,W,W,b,O,N,3b,,,,,,,2,2,3a,3a,3b,3b,3b,3b,3b,
19,,ESSF,mcp,,,BG,W,W,b,O,N,3a,,,,,,,2,2,3a,3a,3a,3a,3a,3a,3a,
16,,ESSF,mcp,,,BK,T,S,k,M,N,3b,,,,,,,2,2,3a,3a,3b,3b,3b,3b,3b,
1,,ESSF,mcp,,,CL,T,R,c,N,N,1,,,,,,,1,1,1,1,1,1,1,1,1,
3,,ESSF,mcp,,,EF,T,T,,M,Y,7,C,,,C,C,C,2,3a,3a,3b,4,5,6,7,7,
1,,ESSF,mcp,,,ER,T,F,h,M,Y,7a,M,,B,M,M,M,2,3a,3b,3c,4,5,6,7a,7a,
6,,ESSF,mcp,,,EW,T,T,,M,Y,7a,C,,,C,C,C,2,3a,3b,3c,4,5,6,7a,7a,
1,,ESSF,mcp,,,FB,T,T,,M,Y,7a,C,,,C,C,C,2,3a,3b,3c,4,5,6,7a,7a,
25,,ESSF,mcp,,,FP,T,T,,M,Y,7,C,,,C,C,C,2,2,3a,3b,4,5,6,7,7,
5,,ESSF,mcp,,,GB,T,F,a,N,N,1a,,,,,,,1a,1a,1a,1a,1a,1a,1a,1a,1a,
26,,ESSF,mcp,,,GL,T,,,N,N,,,,,,,,,,,,,,,,,
7,,ESSF,mcp,,,GP,T,X,a,N,N,1,,,,,,,1,1,1,1,1,1,1,1,1,
29,,ESSF,mcp,,,LL,O,,,N,N,,,,,,,,,,,,,,,,,
6,,ESSF,mcp,,,LS,O,,,N,N,,,,,,,,,,,,,,,,,
1,,ESSF,mcp,,,ME,T,G,m,M,N,2a,,,,,,,2a,2a,2a,2a,2a,2a,2a,2a,2a,
543,,ESSF,mcp,,,MI,T,X,,U,N,,,,,,,,,,,,,,,,,
252,,ESSF,mcp,,,OW,O,,,N,N,,,,,,,,,,,,,,,,,
10,,ESSF,mcp,,,RI,O,,,N,N,,,,,,,,,,,,,,,,,
510,,ESSF,mcp,,,RM,T,X,,U,N,3,,,,,,,2,2,3,3,3,3,3,3,3,
12,,ESSF,mcp,,,RO,T,R,o,N,N,1,,,,,,,1,1,1,1,1,1,1,1,1,
7,,ESSF,mcp,,,SC,T,S,c,M,N,3b,,,,,,,3a,3a,3b,3b,3b,3b,3b,3b,3b,
2,,ESSF,mcp,,,SG,T,G,b,M,N,2b,,,,,,,2b,2b,2b,2b,2b,2b,2b,2b,2b,
,,ESSF,mcp,,,SH,W,W,f,O,N,3a,,,,,,,2,2,3a,3a,3a,3a,3a,3a,3a,
,,ESSF,mcp,,,SM,T,A,m,M,N,2a,,,,,,,2a,2a,2a,2a,2a,2a,2a,2a,2a,
,,ESSF,mcp,,,SU,T,G,b,M,N,3a,,,,,,,2b,2b,3a,3a,3a,3a,3a,3a,3a,
373,,ESSF,mcp,,,SW,W,M,s,M,N,3b,,,,,,,3a,3a,3b,3b,3b,3b,3b,3b,3b,
229,,ESSF,mcp,,,TA,T,R,t,N,N,1,,,,,,,1,1,1,1,1,1,1,1,1,
11,,ESSF,mcp,,,TC,T,X,,U,N,,,,,,,,,,,,,,,,,
28,,ESSF,mcp,,,TR,T,X,,U,N,3b,,,,,,,2b,3a,3a,3b,3b,3b,3b,3b,3b,
1,,ESSF,mcp,,,UV,T,,,U,N,1,,,,,,,1,1,1,1,1,1,1,1,1,
249,,ESSF,mcp,,,WB,T,,,M,Y,7,C,,,C,C,C,2b,3a,3a,3b,4,5,6,7,7,
1,,ESSF,mcp,,,WL,W,W,,U,N,3a,,,,,,,2b,2b,3a,3a,3a,3a,3a,3a,3a,
262,,ESSF,mcp,,,WP,T,T,,U,Y,7,C,,,C,C,C,2,2,3a,3b,4,5,6,7,7,
8086,,ESSF,mk,,,AV,T,V,s,M,N,3b,,,,,,,2b,3a,3a,3a,3b,3b,3b,3b,3b,
1385,,ESSF,mk,,,BB,W,W,b,O,N,3b,,,,,,,2,2,3a,3a,3b,3b,3b,3b,3b,
3,,ESSF,mk,,,BG,W,W,b,O,N,3a,,,,,,,2,2,3a,3a,3a,3a,3a,3a,3a,
6922,,ESSF,mk,,,BR,T,,,U,N,3b,,,,,,,2,2,3a,3a,3b,3b,3b,3b,3b,
1641,,ESSF,mk,,,CF,T,X,,U,N,2b,,,,,,,2b,2b,2b,2b,2b,2b,2b,2b,2b,
,,ESSF,mk,,,CL,T,R,c,N,N,1,,,,,,,1,1,1,1,1,1,1,1,1,
108,,ESSF,mk,,,EF,T,T,,M,Y,7,C,,,C,C,C,2,3a,3a,3b,4,5,6,7,7,
58,,ESSF,mk,,,ER,T,F,h,M,Y,7a,M,,B,M,M,M,2,3a,3b,3c,4,5,6,7a,7a,
5,,ESSF,mk,,,EW,T,T,,M,Y,7a,C,,,C,C,C,2,3a,3b,3c,4,5,6,7a,7a,
2340,,ESSF,mk,,,FB,T,T,,M,Y,7a,C,,,C,C,C,2,3a,3b,3c,4,5,6,7a,7a,
149,,ESSF,mk,,,FE,W,W,f,O,N,2b,,,,,,,2b,2b,2b,2b,2b,2b,2b,2b,2b,
192,,ESSF,mk,,,FP,T,T,,M,Y,7,C,,,C,C,C,2,2,3a,3b,4,5,6,7,7,
41,,ESSF,mk,,,GP,T,X,a,N,N,1,,,,,,,1,1,1,1,1,1,1,1,1,
84,,ESSF,mk,,,LL,O,,,N,N,,,,,,,,,,,,,,,,,
97,,ESSF,mk,,,LP,T,T,,M,Y,7a,C,,,C,C,C,2,3a,3b,3c,4,5,6,7a,7a,
382,,ESSF,mk,,,LS,O,,,N,N,,,,,,,,,,,,,,,,,
115,,ESSF,mk,,,ME,T,G,m,M,N,2a,,,,,,,2a,2a,2a,2a,2a,2a,2a,2a,2a,
85,,ESSF,mk,,,MI,T,X,,U,N,,,,,,,,,,,,,,,,,
22,,ESSF,mk,,,OW,O,,,N,N,,,,,,,,,,,,,,,,,
26,,ESSF,mk,,,RE,O,,,N,N,,,,,,,,,,,,,,,,,
18,,ESSF,mk,,,RI,O,,,N,N,,,,,,,,,,,,,,,,,
4,,ESSF,mk,,,RO,T,R,o,N,N,1,,,,,,,1,1,1,1,1,1,1,1,1,
10,,ESSF,mk,,,SC,T,S,c,M,N,3b,,,,,,,3a,3a,3b,3b,3b,3b,3b,3b,3b,
5,,ESSF,mk,,,SG,T,G,b,M,N,2b,,,,,,,2b,2b,2b,2b,2b,2b,2b,2b,2b,
149,,ESSF,mk,,,SH,W,W,f,O,N,3a,,,,,,,2,2,3a,3a,3a,3a,3a,3a,3a,
46,,ESSF,mk,,,SM,T,A,m,M,N,2a,,,,,,,2a,2a,2a,2a,2a,2a,2a,2a,2a,
17,,ESSF,mk,,,SU,T,G,b,M,N,3a,,,,,,,2b,2b,3a,3a,3a,3a,3a,3a,3a,
396,,ESSF,mk,,,SW,W,M,s,M,N,3b,,,,,,,3a,3a,3b,3b,3b,3b,3b,3b,3b,
145,,ESSF,mk,,,TA,T,R,t,N,N,1,,,,,,,1,1,1,1,1,1,1,1,1,
87,,ESSF,mk,,,TC,T,X,,U,N,,,,,,,,,,,,,,,,,
171,,ESSF,mk,,,TR,T,X,,U,N,3b,,,,,,,2b,3a,3a,3b,3b,3b,3b,3b,3b,
302,,ESSF,mk,,,UR,T,X,,U,N,,,,,,,,,,,,,,,,,
274,,ESSF,mk,,,UV,T,,,U,N,1,,,,,,,1,1,1,1,1,1,1,1,1,
57,,ESSF,mk,,,WB,T,,,M,Y,7,C,,,C,C,C,2b,3a,3a,3b,4,5,6,7,7,
19,,ESSF,mk,,,WL,W,W,,U,N,3a,,,,,,,2b,2b,3a,3a,3a,3a,3a,3a,3a,
1,,ESSF,mk,,,WP,T,T,,U,Y,7,C,,,C,C,C,2,2,3a,3b,4,5,6,7,7,
210,,ESSF,mkp,,,AG,T,A,g,M,N,2b,,,,,,,2b,2b,2b,2b,2b,2b,2b,2b,2b,
589,,ESSF,mkp,,,AM,T,A,m,M,N,2a,,,,,,,2a,2a,2a,2a,2a,2a,2a,2a,2a,
41,,ESSF,mkp,,,AT,T,A,t,M,N,2d,,,,,,,2d,2d,2d,2d,2d,2d,2d,2d,2d,
1007,,ESSF,mkp,,,AV,T,V,s,M,N,3a,,,,,,,3a,3a,3a,3a,3a,3a,3a,3a,3a,
103,,ESSF,mkp,,,BB,W,W,b,O,N,3b,,,,,,,2,2,3a,3a,3b,3b,3b,3b,3b,
13,,ESSF,mkp,,,BG,W,W,b,O,N,3a,,,,,,,2,2,3a,3a,3a,3a,3a,3a,3a,
24,,ESSF,mkp,,,BK,T,S,k,M,N,3b,,,,,,,2,2,3a,3a,3b,3b,3b,3b,3b,
17,,ESSF,mkp,,,CL,T,R,c,N,N,1,,,,,,,1,1,1,1,1,1,1,1,1,
,,ESSF,mkp,,,EF,T,T,,M,Y,7,C,,,C,C,C,2,3a,3a,3b,4,5,6,7,7,
,,ESSF,mkp,,,ER,T,F,h,M,Y,7a,M,,B,M,M,M,2,3a,3b,3c,4,5,6,7a,7a,
,,ESSF,mkp,,,EW,T,T,,M,Y,7a,C,,,C,C,C,2,3a,3b,3c,4,5,6,7a,7a,
,,ESSF,mkp,,,GL,T,,,N,N,,,,,,,,,,,,,,,,,
11,,ESSF,mkp,,,GP,T,X,a,N,N,1,,,,,,,1,1,1,1,1,1,1,1,1,
22,,ESSF,mkp,,,LL,O,,,N,N,,,,,,,,,,,,,,,,,
8,,ESSF,mkp,,,LS,O,,,N,N,,,,,,,,,,,,,,,,,
2,,ESSF,mkp,,,MI,T,X,,U,N,,,,,,,,,,,,,,,,,
250,,ESSF,mkp,,,OW,O,,,N,N,,,,,,,,,,,,,,,,,
500,,ESSF,mkp,,,RI,O,,,N,N,,,,,,,,,,,,,,,,,
19,,ESSF,mkp,,,RM,T,X,,U,N,3,,,,,,,2,2,3,3,3,3,3,3,3,
2,,ESSF,mkp,,,RO,T,R,o,N,N,1,,,,,,,1,1,1,1,1,1,1,1,1,
11,,ESSF,mkp,,,SC,T,S,c,M,N,3b,,,,,,,3a,3a,3b,3b,3b,3b,3b,3b,3b,
107,,ESSF,mkp,,,SG,T,G,b,M,N,2b,,,,,,,2b,2b,2b,2b,2b,2b,2b,2b,2b,
1,,ESSF,mkp,,,SH,W,W,f,O,N,3a,,,,,,,2,2,3a,3a,3a,3a,3a,3a,3a,
14,,ESSF,mkp,,,SM,T,A,m,M,N,2a,,,,,,,2a,2a,2a,2a,2a,2a,2a,2a,2a,
199,,ESSF,mkp,,,SU,T,G,b,M,N,3a,,,,,,,2b,2b,3a,3a,3a,3a,3a,3a,3a,
28,,ESSF,mkp,,,SW,W,M,s,M,N,3b,,,,,,,3a,3a,3b,3b,3b,3b,3b,3b,3b,
538,,ESSF,mkp,,,TA,T,R,t,N,N,1,,,,,,,1,1,1,1,1,1,1,1,1,
22,,ESSF,mkp,,,TC,T,X,,U,N,,,,,,,,,,,,,,,,,
26,,ESSF,mkp,,,TR,T,X,,U,N,3b,,,,,,,2b,3a,3a,3b,3b,3b,3b,3b,3b,
143,,ESSF,mkp,,,UV,T,,,U,N,1,,,,,,,1,1,1,1,1,1,1,1,1,
8767,,ESSF,mkp,,,WB,T,,,M,Y,7,C,,,C,C,C,2b,3a,3a,3b,4,5,6,7,7,
14033,,ESSF,mkp,,,WL,W,W,,U,N,3a,,,,,,,2b,2b,3a,3a,3a,3a,3a,3a,3a,
3236,,ESSF,mkp,,,WP,T,T,,U,Y,7,C,,,C,C,C,2,2,3a,3b,4,5,6,7,7,
447,,ESSF,mv,1,,BB,W,W,b,O,N,3b,,,,,,,2,2,3a,3a,3b,3b,3b,3b,3b,
38,,ESSF,mv,1,,BG,W,W,b,O,N,3a,,,,,,,2,2,3a,3a,3a,3a,3a,3a,3a,
1,,ESSF,mv,1,,BR,T,,,U,N,3b,,,,,,,2,2,3a,3a,3b,3b,3b,3b,3b,
10,,ESSF,mv,1,,CF,T,X,,U,N,2b,,,,,,,2b,2b,2b,2b,2b,2b,2b,2b,2b,
1,,ESSF,mv,1,,CL,T,R,c,N,N,1,,,,,,,1,1,1,1,1,1,1,1,1,
12,,ESSF,mv,1,,EF,T,T,,M,Y,7,C,,,C,C,C,2,3a,3a,3b,4,5,6,7,7,
47,,ESSF,mv,1,,ER,T,F,h,M,Y,7a,M,,B,M,M,M,2,3a,3b,3c,4,5,6,7a,7a,
35,,ESSF,mv,1,,EW,T,T,,M,Y,7a,C,,,C,C,C,2,3a,3b,3c,4,5,6,7a,7a,
40,,ESSF,mv,1,,FE,W,W,f,O,N,2b,,,,,,,2b,2b,2b,2b,2b,2b,2b,2b,2b,
,,ESSF,mv,1,,FP,T,T,,M,Y,7,C,,,C,C,C,2,2,3a,3b,4,5,6,7,7,
926,,ESSF,mv,1,,GP,T,X,a,N,N,1,,,,,,,1,1,1,1,1,1,1,1,1,
19,,ESSF,mv,1,,LL,O,,,N,N,,,,,,,,,,,,,,,,,
564,,ESSF,mv,1,,LP,T,T,,M,Y,7a,C,,,C,C,C,2,3a,3b,3c,4,5,6,7a,7a,
21,,ESSF,mv,1,,LS,O,,,N,N,,,,,,,,,,,,,,,,,
3802,,ESSF,mv,1,,ME,T,G,m,M,N,2a,,,,,,,2a,2a,2a,2a,2a,2a,2a,2a,2a,
419,,ESSF,mv,1,,MI,T,X,,U,N,,,,,,,,,,,,,,,,,
263,,ESSF,mv,1,,OW,O,,,N,N,,,,,,,,,,,,,,,,,
75,,ESSF,mv,1,,RE,O,,,N,N,,,,,,,,,,,,,,,,,
207,,ESSF,mv,1,,RI,O,,,N,N,,,,,,,,,,,,,,,,,
252,,ESSF,mv,1,,RO,T,R,o,N,N,1,,,,,,,1,1,1,1,1,1,1,1,1,
324,,ESSF,mv,1,,SC,T,S,c,M,N,3b,,,,,,,3a,3a,3b,3b,3b,3b,3b,3b,3b,
104,,ESSF,mv,1,,SG,T,G,b,M,N,2b,,,,,,,2b,2b,2b,2b,2b,2b,2b,2b,2b,
249,,ESSF,mv,1,,SH,W,W,f,O,N,3a,,,,,,,2,2,3a,3a,3a,3a,3a,3a,3a,
73,,ESSF,mv,1,,SM,T,A,m,M,N,2a,,,,,,,2a,2a,2a,2a,2a,2a,2a,2a,2a,
47,,ESSF,mv,1,,SW,W,M,s,M,N,3b,,,,,,,3a,3a,3b,3b,3b,3b,3b,3b,3b,
12,,ESSF,mv,1,,TA,T,R,t,N,N,1,,,,,,,1,1,1,1,1,1,1,1,1,
8,,ESSF,mv,1,,TC,T,X,,U,N,,,,,,,,,,,,,,,,,
115,,ESSF,mv,1,,TR,T,X,,U,N,3b,,,,,,,2b,3a,3a,3b,3b,3b,3b,3b,3b,
98,,ESSF,mv,1,,UR,T,X,,U,N,,,,,,,,,,,,,,,,,
318,,ESSF,mv,1,,UV,T,,,U,N,1,,,,,,,1,1,1,1,1,1,1,1,1,
177,,ESSF,mv,1,,WL,W,W,,U,N,3a,,,,,,,2b,2b,3a,3a,3a,3a,3a,3a,3a,
17,,ESSF,mv,1,,WP,T,T,,U,Y,7,C,,,C,C,C,2,2,3a,3b,4,5,6,7,7,
218,,ESSF,mv,3,,AV,T,V,s,M,N,3b,,,,,,,2b,3a,3a,3a,3b,3b,3b,3b,3b,
89,,ESSF,mv,3,,BB,W,W,b,O,N,3b,,,,,,,2,2,3a,3a,3b,3b,3b,3b,3b,
163,,ESSF,mv,3,,BG,W,W,b,O,N,3a,,,,,,,2,2,3a,3a,3a,3a,3a,3a,3a,
232,,ESSF,mv,3,,BR,T,,,U,N,3b,,,,,,,2,2,3a,3a,3b,3b,3b,3b,3b,
803,,ESSF,mv,3,,CF,T,X,,U,N,2b,,,,,,,2b,2b,2b,2b,2b,2b,2b,2b,2b,
1052,,ESSF,mv,3,,CL,T,R,c,N,N,1,,,,,,,1,1,1,1,1,1,1,1,1,
57,,ESSF,mv,3,,EF,T,T,,M,Y,7,C,,,C,C,C,2,3a,3a,3b,4,5,6,7,7,
19,,ESSF,mv,3,,ER,T,F,h,M,Y,7a,M,,B,M,M,M,2,3a,3b,3c,4,5,6,7a,7a,
3,,ESSF,mv,3,,EW,T,T,,M,Y,7a,C,,,C,C,C,2,3a,3b,3c,4,5,6,7a,7a,
110,,ESSF,mv,3,,FE,W,W,f,O,N,2b,,,,,,,2b,2b,2b,2b,2b,2b,2b,2b,2b,
314,,ESSF,mv,3,,FP,T,T,,M,Y,7,C,,,C,C,C,2,2,3a,3b,4,5,6,7,7,
44,,ESSF,mv,3,,GL,T,,,N,N,,,,,,,,,,,,,,,,,
478,,ESSF,mv,3,,GP,T,X,a,N,N,1,,,,,,,1,1,1,1,1,1,1,1,1,
62,,ESSF,mv,3,,LL,O,,,N,N,,,,,,,,,,,,,,,,,
2,,ESSF,mv,3,,LP,T,T,,M,Y,7a,C,,,C,C,C,2,3a,3b,3c,4,5,6,7a,7a,
3,,ESSF,mv,3,,LS,O,,,N,N,,,,,,,,,,,,,,,,,
51,,ESSF,mv,3,,ME,T,G,m,M,N,2a,,,,,,,2a,2a,2a,2a,2a,2a,2a,2a,2a,
42,,ESSF,mv,3,,MI,T,X,,U,N,,,,,,,,,,,,,,,,,
12,,ESSF,mv,3,,OW,O,,,N,N,,,,,,,,,,,,,,,,,
,,ESSF,mv,3,,RE,O,,,N,N,,,,,,,,,,,,,,,,,
,,ESSF,mv,3,,RI,O,,,N,N,,,,,,,,,,,,,,,,,
,,ESSF,mv,3,,RO,T,R,o,N,N,1,,,,,,,1,1,1,1,1,1,1,1,1,
110,,ESSF,mv,3,,SC,T,S,c,M,N,3b,,,,,,,3a,3a,3b,3b,3b,3b,3b,3b,3b,
2,,ESSF,mv,3,,SG,T,G,b,M,N,2b,,,,,,,2b,2b,2b,2b,2b,2b,2b,2b,2b,
23,,ESSF,mv,3,,SH,W,W,f,O,N,3a,,,,,,,2,2,3a,3a,3a,3a,3a,3a,3a,
22,,ESSF,mv,3,,SM,T,A,m,M,N,2a,,,,,,,2a,2a,2a,2a,2a,2a,2a,2a,2a,
1,,ESSF,mv,3,,SW,W,M,s,M,N,3b,,,,,,,3a,3a,3b,3b,3b,3b,3b,3b,3b,
7,,ESSF,mv,3,,TA,T,R,t,N,N,1,,,,,,,1,1,1,1,1,1,1,1,1,
10,,ESSF,mv,3,,TC,T,X,,U,N,,,,,,,,,,,,,,,,,
202,,ESSF,mv,3,,TR,T,X,,U,N,3b,,,,,,,2b,3a,3a,3b,3b,3b,3b,3b,3b,
3,,ESSF,mv,3,,UR,T,X,,U,N,,,,,,,,,,,,,,,,,
6,,ESSF,mv,3,,UV,T,,,U,N,1,,,,,,,1,1,1,1,1,1,1,1,1,
189,,ESSF,mv,3,,WL,W,W,,U,N,3a,,,,,,,2b,2b,3a,3a,3a,3a,3a,3a,3a,
42,,ESSF,mv,3,,WP,T,T,,U,Y,7,C,,,C,C,C,2,2,3a,3b,4,5,6,7,7,
14,,ESSF,mvp,,,AM,T,A,m,M,N,2a,,,,,,,2a,2a,2a,2a,2a,2a,2a,2a,2a,
3,,ESSF,mvp,,,AT,T,A,t,M,N,2d,,,,,,,2d,2d,2d,2d,2d,2d,2d,2d,2d,
12,,ESSF,mvp,,,AU,T,A,,N,N,1a,,,,,,,1a,1a,1a,1a,1a,1a,1a,1a,1a,
5,,ESSF,mvp,,,AV,T,V,s,M,N,3a,,,,,,,3a,3a,3a,3a,3a,3a,3a,3a,3a,
2,,ESSF,mvp,,,CL,T,R,c,N,N,1,,,,,,,1,1,1,1,1,1,1,1,1,
7,,ESSF,mvp,,,EF,T,T,,M,Y,7,C,,,C,C,C,2,3a,3a,3b,4,5,6,7,7,
3,,ESSF,mvp,,,EW,T,T,,M,Y,7a,C,,,C,C,C,2,3a,3b,3c,4,5,6,7a,7a,
1,,ESSF,mvp,,,FB,T,T,,M,Y,7,C,,,C,C,C,2,2,3a,3b,4,5,6,7,7,
24,,ESSF,mvp,,,FP,T,T,,M,Y,7,C,,,C,C,C,2,2,3a,3b,4,5,6,7,7,
81,,ESSF,mvp,,,GL,T,,,N,N,,,,,,,,,,,,,,,,,
8,,ESSF,mvp,,,LS,O,,,N,N,,,,,,,,,,,,,,,,,
2,,ESSF,mvp,,,OW,O,,,N,N,,,,,,,,,,,,,,,,,
17,,ESSF,mvp,,,RO,T,R,o,N,N,1,,,,,,,1,1,1,1,1,1,1,1,1,
3,,ESSF,mvp,,,SC,T,S,c,M,N,3b,,,,,,,3a,3a,3b,3b,3b,3b,3b,3b,3b,
4,,ESSF,mvp,,,SM,T,A,m,M,N,2a,,,,,,,2a,2a,2a,2a,2a,2a,2a,2a,2a,
28,,ESSF,mvp,,,SU,T,G,b,M,N,3a,,,,,,,2b,2b,3a,3a,3a,3a,3a,3a,3a,
40,,ESSF,mvp,,,SW,W,M,s,M,N,3b,,,,,,,3a,3a,3b,3b,3b,3b,3b,3b,3b,
1,,ESSF,mvp,,,TA,T,R,t,N,N,1,,,,,,,1,1,1,1,1,1,1,1,1,
3,,ESSF,mvp,,,UV,T,,,U,N,1,,,,,,,1,1,1,1,1,1,1,1,1,
7,,ESSF,mvp,,,WL,W,W,,U,N,3,,,,,,,2b,3,3,3,3,3,3,3,3,
5,,ESSF,un,,,AV,T,V,s,M,N,3a,,,,,,,3a,3a,3a,3a,3a,3a,3a,3a,3a,
5,,ESSF,un,,,BP,T,T,,M,Y,7a,C,,,C,C,C,2,3a,3b,3c,4,5,6,7a,7a,
1,,ESSF,un,,,CL,T,R,c,N,N,1,,,,,,,1,1,1,1,1,1,1,1,1,
2,,ESSF,un,,,EF,T,T,,M,Y,7,C,,,C,C,C,2,3a,3a,3b,4,5,6,7,7,
1,,ESSF,un,,,ER,T,F,h,M,Y,7a,M,,B,M,M,M,2,3a,3b,3c,4,5,6,7a,7a,
,,ESSF,un,,,EW,T,T,,M,Y,7a,C,,,C,C,C,2,3a,3b,3c,4,5,6,7a,7a,
,,ESSF,un,,,FB,T,T,,M,Y,7,C,,,C,C,C,2,2,3a,3b,4,5,6,7,7,
,,ESSF,un,,,GB,T,F,a,N,N,1a,,,,,,,1a,1a,1a,1a,1a,1a,1a,1a,1a,
2809,,ESSF,un,,,GL,T,,,N,N,,,,,,,,,,,,,,,,,
1982,,ESSF,un,,,LL,O,,,N,N,,,,,,,,,,,,,,,,,
3921,,ESSF,un,,,LS,O,,,N,N,,,,,,,,,,,,,,,,,
677,,ESSF,un,,,ME,T,G,m,M,N,2a,,,,,,,2a,2a,2a,2a,2a,2a,2a,2a,2a,
348,,ESSF,un,,,OW,O,,,N,N,,,,,,,,,,,,,,,,,
1726,,ESSF,un,,,RI,O,,,N,N,,,,,,,,,,,,,,,,,
146,,ESSF,un,,,RO,T,R,o,N,N,1,,,,,,,1,1,1,1,1,1,1,1,1,
452,,ESSF,un,,,SC,T,S,c,M,N,3b,,,,,,,3a,3a,3b,3b,3b,3b,3b,3b,3b,
71,,ESSF,un,,,SM,T,A,m,M,N,2a,,,,,,,2a,2a,2a,2a,2a,2a,2a,2a,2a,
82,,ESSF,un,,,SU,T,G,b,M,N,3a,,,,,,,2b,2b,3a,3a,3a,3a,3a,3a,3a,
13,,ESSF,un,,,SW,W,M,s,M,N,3b,,,,,,,3a,3a,3b,3b,3b,3b,3b,3b,3b,
16,,ESSF,un,,,UV,T,,,U,N,1,,,,,,,1,1,1,1,1,1,1,1,1,
60,,ESSF,un,,,WL,W,W,,U,N,3a,,,,,,,2b,2b,3a,3a,3a,3a,3a,3a,3a,
580,,ESSF,unp,,,AM,T,A,m,M,N,2a,,,,,,,2a,2a,2a,2a,2a,2a,2a,2a,2a,
227,,ESSF,unp,,,AT,T,A,t,M,N,2d,,,,,,,2d,2d,2d,2d,2d,2d,2d,2d,2d,
1873,,ESSF,unp,,,AV,T,V,s,M,N,3a,,,,,,,3a,3a,3a,3a,3a,3a,3a,3a,3a,
508,,ESSF,unp,,,EF,T,T,,M,Y,7,C,,,C,C,C,2,3a,3a,3b,4,5,6,7,7,
19,,ESSF,unp,,,ER,T,F,h,M,Y,7a,M,,B,M,M,M,2,3a,3b,3c,4,5,6,7a,7a,
280,,ESSF,unp,,,EW,T,T,,M,Y,7a,C,,,C,C,C,2,3a,3b,3c,4,5,6,7a,7a,
381,,ESSF,unp,,,FB,T,T,,M,Y,7,C,,,C,C,C,2,2,3a,3b,4,5,6,7,7,
169,,ESSF,unp,,,GL,T,,,N,N,,,,,,,,,,,,,,,,,
3134,,ESSF,unp,,,LL,O,,,N,N,,,,,,,,,,,,,,,,,
2430,,ESSF,unp,,,LS,O,,,N,N,,,,,,,,,,,,,,,,,
2318,,ESSF,unp,,,OW,O,,,N,N,,,,,,,,,,,,,,,,,
982,,ESSF,unp,,,RI,O,,,N,N,,,,,,,,,,,,,,,,,
135,,ESSF,unp,,,RO,T,R,o,N,N,1,,,,,,,1,1,1,1,1,1,1,1,1,
349,,ESSF,unp,,,SC,T,S,c,M,N,3b,,,,,,,3a,3a,3b,3b,3b,3b,3b,3b,3b,
150,,ESSF,unp,,,SM,T,A,m,M,N,2a,,,,,,,2a,2a,2a,2a,2a,2a,2a,2a,2a,
27,,ESSF,unp,,,SU,T,G,b,M,N,3a,,,,,,,2b,2b,3a,3a,3a,3a,3a,3a,3a,
3,,ESSF,unp,,,SW,W,M,s,M,N,3b,,,,,,,3a,3a,3b,3b,3b,3b,3b,3b,3b,
56,,ESSF,unp,,,UV,T,,,U,N,1,,,,,,,1,1,1,1,1,1,1,1,1,
225,,ESSF,unp,,,WL,W,W,,U,N,3a,,,,,,,2b,2b,3a,3a,3a,3a,3a,3a,3a,
74,,ESSF,unp,,,WP,T,T,,U,Y,7,C,,,C,C,C,2,2,3a,3b,4,5,6,7,7,
318,,ESSF,wv,,,AV,T,V,s,M,N,3b,,,,,,,2b,3a,3a,3a,3b,3b,3b,3b,3b,
824,,ESSF,wv,,,BB,W,W,b,O,N,3b,,,,,,,2,2,3a,3a,3b,3b,3b,3b,3b,
547,,ESSF,wv,,,BG,W,W,b,O,N,3a,,,,,,,2,2,3a,3a,3a,3a,3a,3a,3a,
151,,ESSF,wv,,,BR,T,,,U,N,3b,,,,,,,2,2,3a,3a,3b,3b,3b,3b,3b,
124,,ESSF,wv,,,CF,T,X,,U,N,2b,,,,,,,2b,2b,2b,2b,2b,2b,2b,2b,2b,
5,,ESSF,wv,,,CL,T,R,c,N,N,1,,,,,,,1,1,1,1,1,1,1,1,1,
47,,ESSF,wv,,,CS,T,T,,M,Y,7a,C,,,C,C,C,2,3a,3b,3c,4,5,6,7a,7a,
8,,ESSF,wv,,,EF,T,T,,M,Y,7,C,,,C,C,C,2,3a,3a,3b,4,5,6,7,7,
,,ESSF,wv,,,ER,T,F,h,M,Y,7a,M,,B,M,M,M,2,3a,3b,3c,4,5,6,7a,7a,
,,ESSF,wv,,,EW,T,T,,M,Y,7a,C,,,C,C,C,2,3a,3b,3c,4,5,6,7a,7a,
45,,ESSF,wv,,,FE,W,W,f,O,N,2b,,,,,,,2b,2b,2b,2b,2b,2b,2b,2b,2b,
129,,ESSF,wv,,,FP,T,T,,M,Y,7,C,,,C,C,C,2,2,3a,3b,4,5,6,7,7,
297,,ESSF,wv,,,GL,T,,,N,N,,,,,,,,,,,,,,,,,
5,,ESSF,wv,,,GP,T,X,a,N,N,1,,,,,,,1,1,1,1,1,1,1,1,1,
3,,ESSF,wv,,,LL,O,,,N,N,,,,,,,,,,,,,,,,,
,,ESSF,wv,,,LP,T,T,,M,Y,7a,C,,,C,C,C,2,3a,3b,3c,4,5,6,7a,7a,
,,ESSF,wv,,,LS,O,,,N,N,,,,,,,,,,,,,,,,,
,,ESSF,wv,,,ME,T,G,m,M,N,2a,,,,,,,2a,2a,2a,2a,2a,2a,2a,2a,2a,
,,ESSF,wv,,,MI,T,X,,U,N,,,,,,,,,,,,,,,,,
,,ESSF,wv,,,OW,O,,,N,N,,,,,,,,,,,,,,,,,
26,,ESSF,wv,,,RE,O,,,N,N,,,,,,,,,,,,,,,,,
12,,ESSF,wv,,,RI,O,,,N,N,,,,,,,,,,,,,,,,,
44,,ESSF,wv,,,RO,T,R,o,N,N,1,,,,,,,1,1,1,1,1,1,1,1,1,
144,,ESSF,wv,,,SC,T,S,c,M,N,3b,,,,,,,3a,3a,3b,3b,3b,3b,3b,3b,3b,
38,,ESSF,wv,,,SG,T,G,b,M,N,2b,,,,,,,2b,2b,2b,2b,2b,2b,2b,2b,2b,
,,ESSF,wv,,,SH,W,W,f,O,N,3a,,,,,,,2,2,3a,3a,3a,3a,3a,3a,3a,
,,ESSF,wv,,,SM,T,A,m,M,N,2a,,,,,,,2a,2a,2a,2a,2a,2a,2a,2a,2a,
63,,ESSF,wv,,,SU,T,G,b,M,N,3a,,,,,,,2b,2b,3a,3a,3a,3a,3a,3a,3a,
2627,,ESSF,wv,,,SW,W,M,s,M,N,3b,,,,,,,3a,3a,3b,3b,3b,3b,3b,3b,3b,
439,,ESSF,wv,,,TA,T,R,t,N,N,1,,,,,,,1,1,1,1,1,1,1,1,1,
1340,,ESSF,wv,,,TC,T,X,,U,N,,,,,,,,,,,,,,,,,
3937,,ESSF,wv,,,TR,T,X,,U,N,3b,,,,,,,2b,3a,3a,3b,3b,3b,3b,3b,3b,
631,,ESSF,wv,,,UR,T,X,,U,N,,,,,,,,,,,,,,,,,
67777,,ESSF,wv,,,UV,T,,,U,N,1,,,,,,,1,1,1,1,1,1,1,1,1,
2742,,ESSF,wv,,,WL,W,W,,U,N,3a,,,,,,,2b,2b,3a,3a,3a,3a,3a,3a,3a,
198,,ESSF,wv,,,WP,T,T,,U,Y,7,C,,,C,C,C,2,2,3a,3b,4,5,6,7,7,
238,,ESSF,wv,,,WP,T,T,,U,Y,7,C,,,C,C,C,2,2,3a,3b,4,5,6,7,7,
,,ESSF,wvp,,,AM,T,A,m,M,N,2a,,,,,,,2a,2a,2a,2a,2a,2a,2a,2a,2a,
,,ESSF,wvp,,,AT,T,A,t,M,N,2d,,,,,,,2d,2d,2d,2d,2d,2d,2d,2d,2d,
793,,ESSF,wvp,,,AU,T,A,,N,N,1a,,,,,,,1a,1a,1a,1a,1a,1a,1a,1a,1a,
91,,ESSF,wvp,,,AV,T,V,s,M,N,3a,,,,,,,3a,3a,3a,3a,3a,3a,3a,3a,3a,
2,,ESSF,wvp,,,BB,W,W,b,O,N,3b,,,,,,,2,2,3a,3a,3b,3b,3b,3b,3b,
42,,ESSF,wvp,,,BG,W,W,b,O,N,3a,,,,,,,2,2,3a,3a,3a,3a,3a,3a,3a,
2,,ESSF,wvp,,,BK,T,S,k,M,N,3b,,,,,,,2,2,3a,3a,3b,3b,3b,3b,3b,
60,,ESSF,wvp,,,CL,T,R,c,N,N,1,,,,,,,1,1,1,1,1,1,1,1,1,
52,,ESSF,wvp,,,EF,T,T,,M,Y,7,C,,,C,C,C,2,3a,3a,3b,4,5,6,7,7,
15,,ESSF,wvp,,,ER,T,F,h,M,Y,7a,M,,B,M,M,M,2,3a,3b,3c,4,5,6,7a,7a,
125,,ESSF,wvp,,,EW,T,T,,M,Y,7a,C,,,C,C,C,2,3a,3b,3c,4,5,6,7a,7a,
937,,ESSF,wvp,,,FB,T,T,,M,Y,7,C,,,C,C,C,2,2,3a,3b,4,5,6,7,7,
2803,,ESSF,wvp,,,FP,T,T,,M,Y,7,C,,,C,C,C,2,2,3a,3b,4,5,6,7,7,
44302,,ESSF,wvp,,,GL,T,,,N,N,,,,,,,,,,,,,,,,,
2432,,ESSF,wvp,,,GP,T,X,a,N,N,1,,,,,,,1,1,1,1,1,1,1,1,1,
51426,,ESSF,wvp,,,HP,T,T,,M,Y,7,C,,,C,C,C,2,2,3a,3b,4,5,6,7,7,
3012,,ESSF,wvp,,,LL,O,,,N,N,,,,,,,,,,,,,,,,,
33,,ESSF,wvp,,,LS,O,,,N,N,,,,,,,,,,,,,,,,,
568,,ESSF,wvp,,,ME,T,G,m,M,N,2a,,,,,,,2a,2a,2a,2a,2a,2a,2a,2a,2a,
,,ESSF,wvp,,,MI,T,X,,U,N,,,,,,,,,,,,,,,,,
,,ESSF,wvp,,,OW,O,,,N,N,,,,,,,,,,,,,,,,,
,,ESSF,wvp,,,RI,O,,,N,N,,,,,,,,,,,,,,,,,
,,ESSF,wvp,,,RM,T,X,,U,N,3,,,,,,,2,2,3,3,3,3,3,3,3,
1796,,ESSF,wvp,,,RO,T,R,o,N,N,1,,,,,,,1,1,1,1,1,1,1,1,1,
621,,ESSF,wvp,,,SC,T,S,c,M,N,3b,,,,,,,3a,3a,3b,3b,3b,3b,3b,3b,3b,
122,,ESSF,wvp,,,SG,T,G,b,M,N,2b,,,,,,,2b,2b,2b,2b,2b,2b,2b,2b,2b,
73,,ESSF,wvp,,,SH,W,W,f,O,N,3a,,,,,,,2,2,3a,3a,3a,3a,3a,3a,3a,
12,,ESSF,wvp,,,SM,T,A,m,M,N,2a,,,,,,,2a,2a,2a,2a,2a,2a,2a,2a,2a,
4,,ESSF,wvp,,,SU,T,G,b,M,N,3a,,,,,,,2b,2b,3a,3a,3a,3a,3a,3a,3a,
9,,ESSF,wvp,,,SW,W,M,s,M,N,3b,,,,,,,3a,3a,3b,3b,3b,3b,3b,3b,3b,
263,,ESSF,wvp,,,TA,T,R,t,N,N,1,,,,,,,1,1,1,1,1,1,1,1,1,
68,,ESSF,wvp,,,TC,T,X,,U,N,,,,,,,,,,,,,,,,,
1227,,ESSF,wvp,,,TR,T,X,,U,N,3b,,,,,,,2b,3a,3a,3b,3b,3b,3b,3b,3b,
144,,ESSF,wvp,,,UV,T,,,U,N,1,,,,,,,1,1,1,1,1,1,1,1,1,
74,,ESSF,wvp,,,WL,W,W,,U,N,3a,,,,,,,2b,2b,3a,3a,3a,3a,3a,3a,3a,
585,,ESSF,wvp,,,WP,T,T,,U,Y,7,C,,,C,C,C,2,2,3a,3b,4,5,6,7,7,
217,,ESSF,xv,1,,BB,W,W,b,O,N,3b,,,,,,,2,2,3a,3a,3b,3b,3b,3b,3b,
46,,ESSF,xv,1,,BG,W,W,b,O,N,3a,,,,,,,2,2,3a,3a,3a,3a,3a,3a,3a,
14,,ESSF,xv,1,,BR,T,,,U,N,3b,,,,,,,2,2,3a,3a,3b,3b,3b,3b,3b,
9,,ESSF,xv,1,,CF,T,X,,U,N,2b,,,,,,,2b,2b,2b,2b,2b,2b,2b,2b,2b,
6,,ESSF,xv,1,,CL,T,R,c,N,N,1,,,,,,,1,1,1,1,1,1,1,1,1,
112,,ESSF,xv,1,,EF,T,T,,M,Y,7,C,,,C,C,C,2,3a,3a,3b,4,5,6,7,7,
115,,ESSF,xv,1,,ER,T,F,h,M,Y,7a,M,,B,M,M,M,2,3a,3b,3c,4,5,6,7a,7a,
2439,,ESSF,xv,1,,EW,T,T,,M,Y,7a,C,,,C,C,C,2,3a,3b,3c,4,5,6,7a,7a,
118,,ESSF,xv,1,,FE,W,W,f,O,N,2b,,,,,,,2b,2b,2b,2b,2b,2b,2b,2b,2b,
460,,ESSF,xv,1,,FP,T,T,,M,Y,7,C,,,C,C,C,2,2,3a,3b,4,5,6,7,7,
2609,,ESSF,xv,1,,GP,T,X,a,N,N,1,,,,,,,1,1,1,1,1,1,1,1,1,
416,,ESSF,xv,1,,LL,O,,,N,N,,,,,,,,,,,,,,,,,
11,,ESSF,xv,1,,LP,T,T,,M,Y,7a,C,,,C,C,C,2,3a,3b,3c,4,5,6,7a,7a,
7,,ESSF,xv,1,,ME,T,G,m,M,N,2a,,,,,,,2a,2a,2a,2a,2a,2a,2a,2a,2a,
,,ESSF,xv,1,,MI,T,X,,U,N,,,,,,,,,,,,,,,,,
1099,,ESSF,xv,1,,OW,O,,,N,N,,,,,,,,,,,,,,,,,
153,,ESSF,xv,1,,RE,O,,,N,N,,,,,,,,,,,,,,,,,
11,,ESSF,xv,1,,RI,O,,,N,N,,,,,,,,,,,,,,,,,
54,,ESSF,xv,1,,RO,T,R,o,N,N,1,,,,,,,1,1,1,1,1,1,1,1,1,
,,ESSF,xv,1,,SC,T,S,c,M,N,3b,,,,,,,3a,3a,3b,3b,3b,3b,3b,3b,3b,
64,,ESSF,xv,1,,SG,T,G,b,M,N,2b,,,,,,,2b,2b,2b,2b,2b,2b,2b,2b,2b,
8,,ESSF,xv,1,,SH,W,W,f,O,N,3a,,,,,,,2,2,3a,3a,3a,3a,3a,3a,3a,
30,,ESSF,xv,1,,SM,T,A,m,M,N,2a,,,,,,,2a,2a,2a,2a,2a,2a,2a,2a,2a,
7,,ESSF,xv,1,,SW,W,M,s,M,N,3b,,,,,,,3a,3a,3b,3b,3b,3b,3b,3b,3b,
3,,ESSF,xv,1,,TA,T,R,t,N,N,1,,,,,,,1,1,1,1,1,1,1,1,1,
23,,ESSF,xv,1,,TC,T,X,,U,N,,,,,,,,,,,,,,,,,
238,,ESSF,xv,1,,TR,T,X,,U,N,3b,,,,,,,2b,3a,3a,3b,3b,3b,3b,3b,3b,
953,,ESSF,xv,1,,UR,T,X,,U,N,,,,,,,,,,,,,,,,,
2472,,ESSF,xv,1,,UV,T,,,U,N,1,,,,,,,1,1,1,1,1,1,1,1,1,
9,,ESSF,xv,1,,WL,W,W,,U,N,3a,,,,,,,2b,2b,3a,3a,3a,3a,3a,3a,3a,
109,,ICH,mc,1,,AD,T,,,M,N,3b,,,,,,,3b,3b,3b,3b,3b,3b,3b,3b,3b,
14,,ICH,mc,1,,AV,T,V,s,M,N,3b,,,,,,,2b,3a,3a,3a,3b,3b,3b,3b,3b,
6,,ICH,mc,1,,BB,W,P,b,O,N,3b,,,,,,,2,2,3a,3a,3b,3b,3b,3b,3b,
1,,ICH,mc,1,,CL,T,R,c,N,N,1,,,,,,,1,1,1,1,1,1,1,1,1,
12,,ICH,mc,1,,CR,T,F,h,M,Y,6,B,,B,B,B,B,2,3a,3b,3c,4,5,6,6,6,
156,,ICH,mc,1,,CS,T,T,,M,Y,7a,C,,,C,C,C,2,3a,3b,3c,4,5,6,7a,7a,
989,,ICH,mc,1,,FR,T,T,,M,Y,7a,C,,,C,C,C,2,3a,3b,3c,4,5,6,7a,7a,
45,,ICH,mc,1,,GP,T,X,a,N,N,1,,,,,,,1,1,1,1,1,1,1,1,1,
143,,ICH,mc,1,,IH,T,T,,M,Y,7a,C,,,C,C,C,2,3a,3b,3c,4,5,6,7a,7a,
4,,ICH,mc,1,,IS,T,T,,M,Y,7a,C,,,C,C,C,2,3a,3b,3c,4,5,6,7a,7a,
13,,ICH,mc,1,,LL,O,,,N,N,,,,,,,,,,,,,,,,,
86,,ICH,mc,1,,LP,T,T,,M,Y,7a,C,,,C,C,C,2,3a,3b,3c,4,5,6,7a,7a,
31,,ICH,mc,1,,LS,O,,,N,N,,,,,,,,,,,,,,,,,
103,,ICH,mc,1,,ME,T,G,m,M,N,2a,,,,,,,2a,2a,2a,2a,2a,2a,2a,2a,2a,
7,,ICH,mc,1,,OW,O,,,N,N,,,,,,,,,,,,,,,,,
1,,ICH,mc,1,,RE,O,,,N,N,,,,,,,,,,,,,,,,,
7,,ICH,mc,1,,RI,O,,,N,N,,,,,,,,,,,,,,,,,
58,,ICH,mc,1,,RO,T,R,o,N,N,1,,,,,,,1,1,1,1,1,1,1,1,1,
172,,ICH,mc,1,,RR,T,T,,M,Y,7a,M,,B,M,M,M,2,3a,3b,3c,4,5,6,7a,7a,
1,,ICH,mc,1,,SC,T,S,c,M,N,3b,,,,,,,3a,3a,3b,3b,3b,3b,3b,3b,3b,
5,,ICH,mc,1,,SF,T,T,,M,Y,7a,C,,,C,C,C,2,3a,3b,3c,4,5,6,7a,7a,
12,,ICH,mc,1,,SK,W,M,s,M,Y,7,C,,,C,C,C,2,3a,3b,3c,4,5,6,7,7,
1,,ICH,mc,1,,SL,T,T,,M,Y,7a,C,,,C,C,C,2,3a,3b,3c,4,5,6,7a,7a,
51,,ICH,mc,1,,SW,W,M,s,M,N,3b,,,,,,,3a,3a,3b,3b,3b,3b,3b,3b,3b,
,,ICH,mc,1,,TA,T,R,t,N,N,1,,,,,,,1,1,1,1,1,1,1,1,1,
,,ICH,mc,1,,UR,T,X,a,U,N,,,,,,,,,,,,,,,,,
,,ICH,mc,1,,UV,T,,,U,N,1,,,,,,,1,1,1,1,1,1,1,1,1,
11,,ICH,mc,1,,WG,T,P,b,O,Y,7,C,,,C,C,C,2,2,3a,3b,4,5,6,7,7,
1,,ICH,mc,1,,WL,W,W,,U,N,3a,,,,,,,2b,2b,3a,3a,3a,3a,3a,3a,3a,
4,,ICH,mc,1,,WR,T,F,h,M,Y,7a,M,,B,M,M,M,2,3a,3b,3c,4,5,6,7a,7a,
4,,ICH,mc,1,a,AV,T,V,s,M,N,3b,,,,,,,2b,3a,3a,3a,3b,3b,3b,3b,3b,
5,,ICH,mc,1,a,CL,T,R,c,N,N,1,,,,,,,1,1,1,1,1,1,1,1,1,
15,,ICH,mc,1,a,CS,T,T,,M,Y,7a,C,,,C,C,C,2,3a,3b,3c,4,5,6,7a,7a,
2,,ICH,mc,1,a,IS,T,T,,M,Y,7a,C,,,C,C,C,1,3a,3b,3c,4,5,6,7a,7a,
,,ICH,mc,1,a,LL,O,,,N,N,,,,,,,,,,,,,,,,,
,,ICH,mc,1,a,LS,O,,,N,N,,,,,,,,,,,,,,,,,
,,ICH,mc,1,a,ME,T,G,m,M,N,2a,,,,,,,2a,2a,2a,2a,2a,2a,2a,2a,2a,
,,ICH,mc,1,a,OW,O,,,N,N,,,,,,,,,,,,,,,,,
,,ICH,mc,1,a,RI,O,,,N,N,,,,,,,,,,,,,,,,,
123,,ICH,mc,1,a,RO,T,R,o,N,N,1,,,,,,,1,1,1,1,1,1,1,1,1,
63,,ICH,mc,1,a,RR,T,T,,M,Y,7a,M,,B,M,M,M,2,3a,3b,3c,4,5,6,7a,7a,
2,,ICH,mc,1,a,SC,T,S,c,M,N,3b,,,,,,,3a,3a,3b,3b,3b,3b,3b,3b,3b,
17,,ICH,mc,1,a,SF,T,T,,M,Y,7a,C,,,C,C,C,2,3a,3b,3c,4,5,6,7a,7a,
211,,ICH,mc,1,a,SW,W,M,s,M,N,3b,,,,,,,3a,3a,3b,3b,3b,3b,3b,3b,3b,
31,,ICH,mc,1,a,UR,T,X,a,U,N,,,,,,,,,,,,,,,,,
3,,ICH,mc,1,a,UV,T,,,U,N,1,,,,,,,1,1,1,1,1,1,1,1,1,
3,,ICH,mc,1,a,WG,T,P,b,O,Y,7,C,,,C,C,C,2,2,3a,3b,4,5,6,7,7,
12,,ICH,mc,1,a,WL,W,W,,U,N,3,,,,,,,2b,3,3,3,3,3,3,3,3,
50,,ICH,mc,2,,AD,T,,,M,N,3b,,,,,,,3b,3b,3b,3b,3b,3b,3b,3b,3b,
196,,ICH,mc,2,,AV,T,V,s,M,N,3b,,,,,,,2b,3a,3a,3a,3b,3b,3b,3b,3b,
49,,ICH,mc,2,,BB,W,P,b,O,N,3b,,,,,,,2,2,3a,3a,3b,3b,3b,3b,3b,
2,,ICH,mc,2,,CL,T,R,c,N,N,1,,,,,,,1,1,1,1,1,1,1,1,1,
1,,ICH,mc,2,,CR,T,F,h,M,Y,6,B,,B,B,B,B,2,3a,3b,3c,4,5,6,6,6,
1,,ICH,mc,2,,CS,T,T,,M,Y,7a,C,,,C,C,C,2,3a,3b,3c,4,5,6,7a,7a,
75,,ICH,mc,2,,FR,T,T,,M,Y,7a,C,,,C,C,C,2,3a,3b,3c,4,5,6,7a,7a,
5,,ICH,mc,2,,GB,T,F,a,N,N,1a,,,,,,,1a,1a,1a,1a,1a,1a,1a,1a,1a,
6,,ICH,mc,2,,GP,T,X,a,N,N,1,,,,,,,1,1,1,1,1,1,1,1,1,
,,ICH,mc,2,,IH,T,T,,M,Y,7a,C,,,C,C,C,2,3a,3b,3c,4,5,6,7a,7a,
,,ICH,mc,2,,IS,T,T,,M,Y,7a,C,,,C,C,C,1,3a,3b,3c,4,5,6,7a,7a,
124,,ICH,mc,2,,LL,O,,,N,N,,,,,,,,,,,,,,,,,
34,,ICH,mc,2,,LS,O,,,N,N,,,,,,,,,,,,,,,,,
53,,ICH,mc,2,,ME,T,G,m,M,N,2a,,,,,,,2a,2a,2a,2a,2a,2a,2a,2a,2a,
1,,ICH,mc,2,,OW,O,,,N,N,,,,,,,,,,,,,,,,,
14,,ICH,mc,2,,RI,O,,,N,N,,,,,,,,,,,,,,,,,
47,,ICH,mc,2,,RO,T,R,o,N,N,1,,,,,,,1,1,1,1,1,1,1,1,1,
1559,,ICH,mc,2,,RR,T,T,,M,Y,7a,M,,B,M,M,M,2,3a,3b,3c,4,5,6,7a,7a,
77,,ICH,mc,2,,SC,T,S,c,M,N,3b,,,,,,,3a,3a,3b,3b,3b,3b,3b,3b,3b,
65,,ICH,mc,2,,SF,T,T,,M,Y,7a,C,,,C,C,C,2,3a,3b,3c,4,5,6,7a,7a,
296,,ICH,mc,2,,SK,W,M,s,M,Y,7,C,,,C,C,C,2,3a,3b,3c,4,5,6,7,7,
1,,ICH,mc,2,,SW,W,M,s,M,N,3b,,,,,,,3a,3a,3b,3b,3b,3b,3b,3b,3b,
85,,ICH,mc,2,,TA,T,R,t,N,N,1,,,,,,,1,1,1,1,1,1,1,1,1,
32,,ICH,mc,2,,UR,T,X,a,U,N,,,,,,,,,,,,,,,,,
19,,ICH,mc,2,,UV,T,,,U,N,1,,,,,,,1,1,1,1,1,1,1,1,1,
45,,ICH,mc,2,,WG,T,P,b,O,Y,7,C,,,C,C,C,2,2,3a,3b,4,5,6,7,7,
557,,ICH,mc,2,,WL,W,W,,U,N,3a,,,,,,,2b,2b,3a,3a,3a,3a,3a,3a,3a,
61,,ICH,mc,2,,WR,T,F,h,M,Y,7a,M,,B,M,M,M,2,3a,3b,3c,4,5,6,7a,7a,
2,,ICH,vc,,,AD,T,,,M,N,3b,,,,,,,3b,3b,3b,3b,3b,3b,3b,3b,3b,
99,,ICH,vc,,,AV,T,V,s,M,N,3b,,,,,,,2b,3a,3a,3a,3b,3b,3b,3b,3b,
87,,ICH,vc,,,CL,T,R,c,N,N,1,,,,,,,1,1,1,1,1,1,1,1,1,
6,,ICH,vc,,,CR,T,F,h,M,Y,6,B,,B,B,B,B,2,3a,3b,3c,4,5,6,6,6,
340,,ICH,vc,,,CS,T,T,,M,Y,7a,C,,,C,C,C,2,3a,3b,3c,4,5,6,7a,7a,
421,,ICH,vc,,,GL,T,,,N,N,,,,,,,,,,,,,,,,,
946,,ICH,vc,,,GP,T,X,a,N,N,1,,,,,,,1,1,1,1,1,1,1,1,1,
4,,ICH,vc,,,IS,T,T,,N,Y,7a,C,,,C,C,C,2,3a,3b,3c,4,5,6,7a,7a,
1,,ICH,vc,,,LL,O,,,N,N,,,,,,,,,,,,,,,,,
10,,ICH,vc,,,LP,T,T,,M,Y,7a,C,,,C,C,C,3,3a,3b,3c,4,5,6,7a,7a,
44,,ICH,vc,,,LS,O,,,N,N,,,,,,,,,,,,,,,,,
5,,ICH,vc,,,ME,T,G,m,M,N,2a,,,,,,,2a,2a,2a,2a,2a,2a,2a,2a,2a,
132,,ICH,vc,,,OW,O,,,N,N,,,,,,,,,,,,,,,,,
5,,ICH,vc,,,RI,O,,,N,N,,,,,,,,,,,,,,,,,
59,,ICH,vc,,,RO,T,R,o,N,N,1,,,,,,,1,1,1,1,1,1,1,1,1,
960,,ICH,vc,,,RR,T,T,,M,Y,7a,M,,B,M,M,M,2,3a,3b,3c,4,5,6,7a,7a,
,,ICH,vc,,,SC,T,S,c,M,N,3b,,,,,,,3a,3a,3b,3b,3b,3b,3b,3b,3b,
,,ICH,vc,,,SF,T,T,,M,Y,7a,C,,,C,C,C,2,3a,3b,3c,4,5,6,7a,7a,
83,,ICH,vc,,,SK,W,M,s,M,Y,7,C,,,C,C,C,2,3a,3b,3c,4,5,6,7,7,
2,,ICH,vc,,,SM,T,A,m,M,N,2a,,,,,,,2a,2a,2a,2a,2a,2a,2a,2a,2a,
3,,ICH,vc,,,SW,W,M,s,M,N,3b,,,,,,,3a,3a,3b,3b,3b,3b,3b,3b,3b,
65,,ICH,vc,,,UR,T,X,a,U,N,,,,,,,,,,,,,,,,,
136,,ICH,vc,,,UV,T,,,U,N,1,,,,,,,1,1,1,1,1,1,1,1,1,
12,,ICH,vc,,,WG,T,P,b,O,Y,7,C,,,C,C,C,2,2,3a,3b,4,5,6,7,7,
57,,ICH,vc,,,WL,W,W,,U,N,3a,,,,,,,2b,2b,3a,3a,3a,3a,3a,3a,3a,
1,,ICH,vc,,,WR,T,F,h,M,Y,7a,M,,B,M,M,M,2,3a,3b,3c,4,5,6,7a,7a,
648,,MH,mm,1,,AV,T,V,s,M,N,3b,,,,,,,2b,3a,3a,3a,3b,3b,3b,3b,3b,
823,,MH,mm,1,,CL,T,R,c,N,N,1,,,,,,,1,1,1,1,1,1,1,1,1,
88,,MH,mm,1,,HP,T,T,,M,Y,7,C,,,C,C,C,2,2,3a,3b,4,5,6,7,7,
4395,,MH,mm,1,,LL,O,,,N,N,,,,,,,,,,,,,,,,,
30658,,MH,mm,1,,LS,O,,,N,N,,,,,,,,,,,,,,,,,
1027,,MH,mm,1,,ME,T,G,m,M,N,2a,,,,,,,2a,2a,2a,2a,2a,2a,2a,2a,2a,
40173,,MH,mm,1,,MF,T,T,,M,Y,7a,C,,,C,C,C,2,3a,3b,3c,4,5,6,7a,7a,
2851,,MH,mm,1,,OW,O,,,N,N,,,,,,,,,,,,,,,,,
93,,MH,mm,1,,RI,O,,,N,N,,,,,,,,,,,,,,,,,
,,MH,mm,1,,RO,T,R,o,N,N,1,,,,,,,1,1,1,1,1,1,1,1,1,
,,MH,mm,1,,SC,T,S,c,M,N,3b,,,,,,,3a,3a,3b,3b,3b,3b,3b,3b,3b,
,,MH,mm,1,,SM,T,A,m,M,N,2a,,,,,,,2a,2a,2a,2a,2a,2a,2a,2a,2a,
,,MH,mm,1,,SR,T,T,,M,Y,7a,M,,M,M,M,M,2,3a,3b,3c,4,5,6,7a,7a,
,,MH,mm,1,,SW,W,M,s,M,N,3b,,,,,,,3a,3a,3b,3b,3b,3b,3b,3b,3b,
59,,MH,mm,1,,TA,T,R,t,N,N,1,,,,,,,1,1,1,1,1,1,1,1,1,
12,,MH,mm,1,,UV,T,,,U,N,1,,,,,,,1,1,1,1,1,1,1,1,1,
1,,MH,mm,1,,WL,W,W,,U,N,3,,,,,,,2b,3,3,3,3,3,3,3,3,
856,,MH,mm,1,,YB,W,P,b,O,Y,7,C,,,C,C,C,2,2,3a,3b,4,5,6,7,7,
1323,,MH,mm,1,,YM,T,T,,M,Y,7a,C,,,C,C,C,2,3a,3b,3c,4,5,6,7a,7a,
502,,MH,mm,1,,YS,W,W,s,O,Y,7,C,,,C,C,C,2,2,3a,3b,4,5,6,7,7,
161,,MH,mm,2,,AV,T,V,s,M,N,3b,,,,,,,2b,3a,3a,3a,3b,3b,3b,3b,3b,
1184,,MH,mm,2,,CL,T,R,c,N,N,1,,,,,,,1,1,1,1,1,1,1,1,1,
734,,MH,mm,2,,GL,T,,,N,N,,,,,,,,,,,,,,,,,
7009,,MH,mm,2,,GP,T,X,a,N,N,1,,,,,,,1,1,1,1,1,1,1,1,1,
465,,MH,mm,2,,HP,T,T,,M,Y,7,C,,,C,C,C,2,2,3a,3b,4,5,6,7,7,
527,,MH,mm,2,,LL,O,,,N,N,,,,,,,,,,,,,,,,,
16,,MH,mm,2,,LS,O,,,N,N,,,,,,,,,,,,,,,,,
254,,MH,mm,2,,ME,T,G,m,M,N,2a,,,,,,,2a,2a,2a,2a,2a,2a,2a,2a,2a,
176,,MH,mm,2,,MF,T,T,,M,Y,7a,C,,,C,C,C,2,3a,3b,3c,4,5,6,7a,7a,
21,,MH,mm,2,,OW,O,,,N,N,,,,,,,,,,,,,,,,,
143,,MH,mm,2,,RI,O,,,N,N,,,,,,,,,,,,,,,,,
11,,MH,mm,2,,RO,T,R,o,N,N,1,,,,,,,1,1,1,1,1,1,1,1,1,
2381,,MH,mm,2,,SC,T,S,c,M,N,3b,,,,,,,3a,3a,3b,3b,3b,3b,3b,3b,3b,
115,,MH,mm,2,,SM,T,A,m,M,N,2a,,,,,,,2a,2a,2a,2a,2a,2a,2a,2a,2a,
2,,MH,mm,2,,SR,T,T,,M,Y,7a,M,,M,M,M,M,2,3a,3b,3c,4,5,6,7a,7a,
86,,MH,mm,2,,SW,W,M,s,M,N,3b,,,,,,,3a,3a,3b,3b,3b,3b,3b,3b,3b,
1906,,MH,mm,2,,TA,T,R,t,N,N,1,,,,,,,1,1,1,1,1,1,1,1,1,
1240,,MH,mm,2,,UR,T,X,a,U,N,,,,,,,,,,,,,,,,,
1858,,MH,mm,2,,UV,T,,,U,N,1,,,,,,,1,1,1,1,1,1,1,1,1,
97,,MH,mm,2,,WB,T,,,M,Y,7,C,,,C,C,C,2b,3a,3a,3b,4,5,6,7,7,
994,,MH,mm,2,,WL,W,W,,U,N,3,,,,,,,2b,3,3,3,3,3,3,3,3,
93,,MH,mm,2,,YM,T,T,,M,Y,7a,C,,,C,C,C,2,3a,3b,3c,4,5,6,7a,7a,
9,,MH,mmp,,,AH,T,A,h,M,N,2d,,,,,,,2d,2d,2d,2d,2d,2d,2d,2d,2d,
81,,MH,mmp,,,AT,T,A,t,M,N,2d,,,,,,,2d,2d,2d,2d,2d,2d,2d,2d,2d,
3536,,MH,mmp,,,AV,T,V,s,M,N,3b,,,,,,,2b,3a,3a,3a,3b,3b,3b,3b,3b,
4660,,MH,mmp,,,CL,T,R,c,N,N,1,,,,,,,1,1,1,1,1,1,1,1,1,
227,,MH,mmp,,,GL,T,,,N,N,,,,,,,,,,,,,,,,,
8784,,MH,mmp,,,GP,T,X,a,N,N,1,,,,,,,1,1,1,1,1,1,1,1,1,
700,,MH,mmp,,,HP,T,T,,M,Y,7,C,,,C,C,C,2,2,3a,3b,4,5,6,7,7,
27,,MH,mmp,,,LL,O,,,N,N,,,,,,,,,,,,,,,,,
80,,MH,mmp,,,LS,O,,,N,N,,,,,,,,,,,,,,,,,
902,,MH,mmp,,,MF,T,T,,M,Y,7a,C,,,C,C,C,3,3a,3b,3c,4,5,6,7a,7a,
114,,MH,mmp,,,OW,O,,,N,N,,,,,,,,,,,,,,,,,
,,MH,mmp,,,RI,O,,,N,N,,,,,,,,,,,,,,,,,
,,MH,mmp,,,RO,T,R,o,N,N,1,,,,,,,1,1,1,1,1,1,1,1,1,
,,MH,mmp,,,SC,T,S,c,M,N,3b,,,,,,,3a,3a,3b,3b,3b,3b,3b,3b,3b,
46,,MH,mmp,,,SM,T,A,m,M,N,2a,,,,,,,2a,2a,2a,2a,2a,2a,2a,2a,2a,
229,,MH,mmp,,,SW,W,M,s,M,N,3b,,,,,,,3a,3a,3b,3b,3b,3b,3b,3b,3b,
87,,MH,mmp,,,TA,T,R,t,N,N,1,,,,,,,1,1,1,1,1,1,1,1,1,
3,,MH,mmp,,,UV,T,,,U,N,1,,,,,,,1,1,1,1,1,1,1,1,1,
496,,MH,mmp,,,WB,T,,,M,Y,7,C,,,C,C,C,2b,3a,3a,3b,4,5,6,7,7,
22,,MH,mmp,,,WL,W,W,,U,N,3,,,,,,,2b,3,3,3,3,3,3,3,3,
87,,MH,mmp,,,YM,T,T,,M,Y,7a,C,,,C,C,C,2,3a,3b,3c,4,5,6,7a,7a,
276,,MH,wh,1,,AV,T,V,s,M,N,3b,,,,,,,2b,3a,3a,3a,3b,3b,3b,3b,3b,
32,,MH,wh,1,,CB,W,P,b,O,Y,7,C,,,C,C,C,2,3a,3a,3b,4,5,6,7,7,
52,,MH,wh,1,,CH,T,T,,M,Y,7a,C,,,C,C,C,2,3a,3b,3c,4,5,6,7a,7a,
96,,MH,wh,1,,CL,T,R,c,N,N,1,,,,,,,1,1,1,1,1,1,1,1,1,
402,,MH,wh,1,,FR,T,T,,M,Y,7a,C,,,C,C,C,2,3a,3b,3c,4,5,6,7a,7a,
21,,MH,wh,1,,HP,T,T,,M,Y,7,C,,,C,C,C,2,2,3a,3b,4,5,6,7,7,
187,,MH,wh,1,,HS,T,T,,M,Y,7a,C,,,C,C,C,2,3a,3b,3c,4,5,6,7a,7a,
2448,,MH,wh,1,,LL,O,,,N,N,,,,,,,,,,,,,,,,,
52,,MH,wh,1,,LS,O,,,N,N,,,,,,,,,,,,,,,,,
2377,,MH,wh,1,,MF,T,T,,M,Y,7a,C,,,C,C,C,2,3a,3b,3c,4,5,6,7a,7a,
10,,MH,wh,1,,OW,O,,,N,N,,,,,,,,,,,,,,,,,
13,,MH,wh,1,,RO,T,R,o,N,N,1,,,,,,,1,1,1,1,1,1,1,1,1,
12,,MH,wh,1,,SC,T,S,c,M,N,3b,,,,,,,3a,3a,3b,3b,3b,3b,3b,3b,3b,
,,MH,wh,1,,SM,T,A,m,M,N,2a,,,,,,,2a,2a,2a,2a,2a,2a,2a,2a,2a,
11886,,MH,wh,1,,SW,W,M,s,M,N,3b,,,,,,,3a,3a,3b,3b,3b,3b,3b,3b,3b,
109,,MH,wh,1,,UR,T,X,a,U,N,,,,,,,,,,,,,,,,,
28,,MH,wh,1,,UV,T,,,U,N,1,,,,,,,1,1,1,1,1,1,1,1,1,
12,,MH,wh,1,,WL,W,W,,U,N,3,,,,,,,2b,3,3,3,3,3,3,3,3,
1,,MH,wh,1,,YB,W,P,b,O,Y,7,C,,,C,C,C,2,2,3a,3b,4,5,6,7,7,
278,,MH,wh,1,,YM,T,T,,M,Y,7a,C,,,C,C,C,2,3a,3b,3c,4,5,6,7a,7a,
5,,MH,wh,1,,YS,W,W,s,O,Y,7,C,,,C,C,C,2,2,3a,3b,4,5,6,7,7,
2235,,MH,whp,,,AV,T,V,s,M,N,3b,,,,,,,2b,3a,3a,3a,3b,3b,3b,3b,3b,
3,,MH,whp,,,CL,T,R,c,N,N,1,,,,,,,1,1,1,1,1,1,1,1,1,
101,,MH,whp,,,HP,T,T,,M,Y,7,C,,,C,C,C,2,2,3a,3b,4,5,6,7,7,
473,,MH,whp,,,LS,O,,,N,N,,,,,,,,,,,,,,,,,
17,,MH,whp,,,MF,T,T,,M,Y,7a,C,,,C,C,C,2,3a,3b,3c,4,5,6,7a,7a,
1541,,MH,whp,,,OW,O,,,N,N,,,,,,,,,,,,,,,,,
136,,MH,whp,,,RO,T,R,o,N,N,1,,,,,,,1,1,1,1,1,1,1,1,1,
,,MH,whp,,,SC,T,S,c,M,N,3b,,,,,,,3a,3a,3b,3b,3b,3b,3b,3b,3b,
163,,MH,whp,,,SM,T,A,m,M,N,2a,,,,,,,2a,2a,2a,2a,2a,2a,2a,2a,2a,
5,,MH,whp,,,SW,W,M,s,M,N,3b,,,,,,,3a,3a,3b,3b,3b,3b,3b,3b,3b,
15,,MH,whp,,,YM,T,T,,M,Y,7a,C,,,C,C,C,2,3a,3b,3c,4,5,6,7a,7a,
106,,MS,xv,,,DF,T,T,,M,Y,7a,C,,,C,C,C,2,3a,3b,3c,4,5,6,7a,7a,
6,,MS,xv,,,LP,T,T,,M,Y,7a,C,,,C,C,C,3,3a,3b,3c,4,5,6,7a,7a,
,,MS,xv,,,LS,O,,,N,N,,,,,,,,,,,,,,,,,
,,MS,xv,,,OW,O,,,N,N,,,,,,,,,,,,,,,,,
,,MS,xv,,,SC,T,S,c,M,N,3b,,,,,,,3a,3a,3b,3b,3b,3b,3b,3b,3b,
,,MS,xv,,,SL,T,T,,M,Y,7a,C,,,C,C,C,2,3a,3b,3c,4,5,6,7a,7a,
,,MS,xv,,,SW,W,M,s,M,N,3b,,,,,,,3a,3a,3b,3b,3b,3b,3b,3b,3b,
,,MS,xv,,,UV,T,,,U,N,1,,,,,,,1,1,1,1,1,1,1,1,1,
,,MS,xv,,,WG,T,P,b,O,Y,7,C,,,C,C,C,2,2,3a,3b,4,5,6,7,7,
,,MS,xv,,,WL,W,W,,U,N,3,,,,,,,2b,3,3,3,3,3,3,3,3,
,,SBPS,dc,,,SL,T,T,,M,Y,7a,C,,,C,C,C,2,3a,3b,3c,4,5,6,7a,7a,
,,SBPS,dc,,,WG,T,P,b,O,Y,7,C,,,C,C,C,2,2,3a,3b,4,5,6,7,7,
,,SBPS,mc,,,AC,T,,,M,Y,6,M,B,B,B,M,M,2b,3a,3a,3b,4,5,6,6,6,
,,SBPS,mc,,,BB,W,P,b,O,N,3b,,,,,,,2,2,3a,3a,3b,3b,3b,3b,3b,
,,SBPS,mc,,,DF,T,T,,M,Y,7a,C,,,C,C,C,2,3a,3b,3c,4,5,6,7a,7a,
,,SBPS,mc,,,LL,O,,,N,N,,,,,,,,,,,,,,,,,
,,SBPS,mc,,,LP,T,T,,M,Y,7a,C,,,C,C,C,2,3a,3b,3c,4,5,6,7a,7a,
,,SBPS,mc,,,LS,O,,,N,N,,,,,,,,,,,,,,,,,
,,SBPS,mc,,,MS,T,G,b,M,N,3b,,,,,,,2b,2b,3a,3b,3b,3b,3b,3b,3b,
,,SBPS,mc,,,OW,O,,,N,N,,,,,,,,,,,,,,,,,
,,SBPS,mc,,,RI,O,,,N,N,,,,,,,,,,,,,,,,,
,,SBPS,mc,,,SA,T,T,,M,Y,7a,M,,B,B,M,M,2,3a,3b,3c,4,5,6,7a,7a,
,,SBPS,mc,,,SC,T,S,c,M,N,3b,,,,,,,3a,3a,3b,3b,3b,3b,3b,3b,3b,
,,SBPS,mc,,,SF,T,T,,M,Y,7a,C,,,C,C,C,2,3a,3b,3c,4,5,6,7a,7a,
,,SBPS,mc,,,SK,W,M,s,M,Y,7,C,,,C,C,C,2,3a,3b,3c,4,5,6,7,7,
,,SBPS,mc,,,SL,T,T,,M,Y,7a,C,,,C,C,C,2,3a,3b,3c,4,5,6,7a,7a,
,,SBPS,mc,,,SW,W,M,s,M,N,3b,,,,,,,3a,3a,3b,3b,3b,3b,3b,3b,3b,
,,SBPS,mc,,,TA,T,R,t,N,N,1,,,,,,,1,1,1,1,1,1,1,1,1,
,,SBPS,mc,,,UR,T,X,a,U,N,,,,,,,,,,,,,,,,,
,,SBPS,mc,,,UV,T,,,U,N,1,,,,,,,1,1,1,1,1,1,1,1,1,
,,SBPS,mc,,,WG,T,P,b,O,Y,7,C,,,C,C,C,2,2,3a,3b,4,5,6,7,7,
,,SBPS,mc,,,WL,W,W,,U,N,3a,,,,,,,2b,2b,3a,3a,3a,3a,3a,3a,3a,
,,SBPS,mc,,,WR,T,F,h,M,Y,7a,M,,B,M,M,M,2,3a,3b,3c,4,5,6,7a,7a,
,,SBPS,mk,,,AC,T,,,M,Y,6,M,B,B,B,M,M,2b,3a,3a,3b,4,5,6,6,6,
,,SBPS,mk,,,BB,W,P,b,O,N,3b,,,,,,,2,2,3a,3a,3b,3b,3b,3b,3b,
,,SBPS,mk,,,BR,T,,,U,N,3b,,,,,,,2,2,3a,3a,3b,3b,3b,3b,3b,
,,SBPS,mk,,,CF,T,X,,U,N,2b,,,,,,,2b,2b,2b,2b,2b,2b,2b,2b,2b,
,,SBPS,mk,,,LL,O,,,N,N,,,,,,,,,,,,,,,,,
,,SBPS,mk,,,LP,T,T,,M,Y,7a,C,,,C,C,C,2,3a,3b,3c,4,5,6,7a,7a,
,,SBPS,mk,,,LS,O,,,N,N,,,,,,,,,,,,,,,,,
,,SBPS,mk,,,OW,O,,,N,N,,,,,,,,,,,,,,,,,
,,SBPS,mk,,,SL,T,T,,M,Y,7a,C,,,C,C,C,2,3a,3b,3c,4,5,6,7a,7a,
,,SBPS,mk,,,UR,T,X,a,U,N,,,,,,,,,,,,,,,,,
,,SBPS,mk,,,UV,T,,,U,N,1,,,,,,,1,1,1,1,1,1,1,1,1,
,,SBPS,mk,,,WG,T,P,b,O,Y,7,C,,,C,C,C,2,2,3a,3b,4,5,6,7,7,
,,SBPS,mk,,,WL,W,W,,U,N,3a,,,,,,,2b,2b,3a,3a,3a,3a,3a,3a,3a,
,,SBS,dk,,,BB,W,P,b,O,N,3b,,,,,,,2,2,3a,3a,3b,3b,3b,3b,3b,
,,SBS,dk,,,BR,T,,,U,N,3b,,,,,,,2,2,3a,3a,3b,3b,3b,3b,3b,
,,SBS,dk,,,CF,T,X,,U,N,2b,,,,,,,2b,2b,2b,2b,2b,2b,2b,2b,2b,
,,SBS,dk,,,CL,T,R,c,N,N,1,,,,,,,1,1,1,1,1,1,1,1,1,
,,SBS,dk,,,DF,T,T,,M,Y,7a,C,,,C,C,C,2,3a,3b,3c,4,5,6,7a,7a,
,,SBS,dk,,,DL,T,T,,M,Y,7a,C,,,C,C,C,2,3a,3b,3c,4,5,6,7a,7a,
,,SBS,dk,,,GP,T,X,a,N,N,1,,,,,,,1,1,1,1,1,1,1,1,1,
,,SBS,dk,,,LL,O,,,N,N,,,,,,,,,,,,,,,,,
,,SBS,dk,,,LP,T,T,,M,Y,7a,C,,,C,C,C,2,3a,3b,3c,4,5,6,7a,7a,
,,SBS,dk,,,LS,O,,,N,N,,,,,,,,,,,,,,,,,
,,SBS,dk,,,MI,T,X,a,U,N,,,,,,,,,,,,,,,,,
,,SBS,dk,,,OW,O,,,N,N,,,,,,,,,,,,,,,,,
,,SBS,dk,,,RE,O,,,N,N,,,,,,,,,,,,,,,,,
,,SBS,dk,,,RI,O,,,N,N,,,,,,,,,,,,,,,,,
,,SBS,dk,,,RO,T,R,o,N,N,1,,,,,,,1,1,1,1,1,1,1,1,1,
,,SBS,dk,,,SA,T,T,,M,Y,7a,M,,B,B,M,M,2,3a,3b,3c,4,5,6,7a,7a,
,,SBS,dk,,,SB,T,T,,M,Y,7a,M,,B,B,M,M,2,3a,3b,3c,4,5,6,7a,7a,
,,SBS,dk,,,SC,T,S,c,M,N,3b,,,,,,,3a,3a,3b,3b,3b,3b,3b,3b,3b,
,,SBS,dk,,,SD,T,T,,M,Y,7a,C,,,C,C,C,2,3a,3b,3c,4,5,6,7a,7a,
,,SBS,dk,,,SF,T,T,,M,Y,7a,C,,,C,C,C,2,3a,3b,3c,4,5,6,7a,7a,
,,SBS,dk,,,SK,W,M,s,M,Y,7,C,,,C,C,C,2,3a,3b,3c,4,5,6,7,7,
,,SBS,dk,,,SL,T,T,,M,Y,7a,C,,,C,C,C,2,3a,3b,3c,4,5,6,7a,7a,
,,SBS,dk,,,SW,W,M,s,M,N,3b,,,,,,,3a,3a,3b,3b,3b,3b,3b,3b,3b,
,,SBS,dk,,,TA,T,R,t,N,N,1,,,,,,,1,1,1,1,1,1,1,1,1,
,,SBS,dk,,,TC,T,X,a,U,N,,,,,,,,,,,,,,,,,
,,SBS,dk,,,UR,T,X,a,U,N,,,,,,,,,,,,,,,,,
,,SBS,dk,,,UV,T,,,U,N,1,,,,,,,1,1,1,1,1,1,1,1,1,
,,SBS,dk,,,WG,T,P,b,O,Y,7,C,,,C,C,C,2,2,3a,3b,4,5,6,7,7,
,,SBS,dk,,,WL,W,W,,U,N,3a,,,,,,,2b,2b,3a,3a,3a,3a,3a,3a,3a,
,,SBS,dk,,,WR,T,F,h,M,Y,7a,M,,B,M,M,M,2,3a,3b,3c,4,5,6,7a,7a,
,,SBS,dw,2,,BB,W,P,b,O,N,3b,,,,,,,2,2,3a,3a,3b,3b,3b,3b,3b,
,,SBS,dw,2,,BR,T,,,U,N,3b,,,,,,,2,2,3a,3a,3b,3b,3b,3b,3b,
,,SBS,dw,2,,CF,T,X,,U,N,2b,,,,,,,2b,2b,2b,2b,2b,2b,2b,2b,2b,
,,SBS,dw,2,,LL,O,,,N,N,,,,,,,,,,,,,,,,,
,,SBS,dw,2,,LS,O,,,N,N,,,,,,,,,,,,,,,,,
,,SBS,dw,2,,OW,O,,,N,N,,,,,,,,,,,,,,,,,
,,SBS,dw,2,,SA,T,T,,M,Y,7a,M,,B,B,M,M,2,3a,3b,3c,4,5,6,7a,7a,
,,SBS,dw,2,,SF,T,T,,M,Y,7a,C,,,C,C,C,2,3a,3b,3c,4,5,6,7a,7a,
,,SBS,dw,2,,SL,T,T,,M,Y,7a,C,,,C,C,C,2,3a,3b,3c,4,5,6,7a,7a,
,,SBS,dw,2,,TC,T,X,a,U,N,,,,,,,,,,,,,,,,,
,,SBS,dw,2,,WG,T,P,b,O,Y,7,C,,,C,C,C,2,2,3a,3b,4,5,6,7,7,
,,SBS,dw,2,,WL,W,W,,U,N,3a,,,,,,,2b,2b,3a,3a,3a,3a,3a,3a,3a,
,,SBS,dw,2,,WR,T,F,h,M,Y,7a,M,,B,M,M,M,2,3a,3b,3c,4,5,6,7a,7a,
,,SBS,dw,3,,BB,W,P,b,O,N,3b,,,,,,,2,2,3a,3a,3b,3b,3b,3b,3b,
,,SBS,dw,3,,BR,T,,,U,N,3b,,,,,,,2,2,3a,3a,3b,3b,3b,3b,3b,
,,SBS,dw,3,,CF,T,X,a,U,N,2b,,,,,,,2b,2b,2b,2b,2b,2b,2b,2b,2b,
,,SBS,dw,3,,DF,T,T,,M,Y,7a,C,,,C,C,C,2,3a,3b,3c,4,5,6,7a,7a,
,,SBS,dw,3,,DL,T,T,,M,Y,7a,C,,,C,C,C,2,3a,3b,3c,4,5,6,7a,7a,
,,SBS,dw,3,,LL,O,,,N,N,,,,,,,,,,,,,,,,,
,,SBS,dw,3,,LP,T,T,,M,Y,7a,C,,,C,C,C,2,3a,3b,3c,4,5,6,7a,7a,
,,SBS,dw,3,,LS,O,,,N,N,,,,,,,,,,,,,,,,,
,,SBS,dw,3,,MI,T,X,,U,N,,,,,,,,,,,,,,,,,
,,SBS,dw,3,,OW,O,,,N,N,,,,,,,,,,,,,,,,,
,,SBS,dw,3,,RI,O,,,N,N,,,,,,,,,,,,,,,,,
,,SBS,dw,3,,SA,T,T,,M,Y,7a,M,,B,B,M,M,2,3a,3b,3c,4,5,6,7a,7a,
,,SBS,dw,3,,SC,T,S,c,M,N,3b,,,,,,,3a,3a,3b,3b,3b,3b,3b,3b,3b,
,,SBS,dw,3,,SD,T,T,,M,Y,7a,C,,,C,C,C,2,3a,3b,3c,4,5,6,7a,7a,
,,SBS,dw,3,,SF,T,T,,M,Y,7a,C,,,C,C,C,2,3a,3b,3c,4,5,6,7a,7a,
,,SBS,dw,3,,SK,W,M,s,M,Y,7,C,,,C,C,C,2,3a,3b,3c,4,5,6,7,7,
,,SBS,dw,3,,SL,T,T,,M,Y,7a,C,,,C,C,C,2,3a,3b,3c,4,5,6,7a,7a,
,,SBS,dw,3,,SW,W,M,s,M,N,3b,,,,,,,3a,3a,3b,3b,3b,3b,3b,3b,3b,
,,SBS,dw,3,,TC,T,X,a,U,N,,,,,,,,,,,,,,,,,
,,SBS,dw,3,,UR,T,X,a,U,N,,,,,,,,,,,,,,,,,
,,SBS,dw,3,,UV,T,,,U,N,1,,,,,,,1,1,1,1,1,1,1,1,1,
,,SBS,dw,3,,WG,T,P,b,O,Y,7,C,,,C,C,C,2,2,3a,3b,4,5,6,7,7,
,,SBS,dw,3,,WL,W,W,,U,N,3a,,,,,,,2b,2b,3a,3a,3a,3a,3a,3a,3a,
,,SBS,dw,3,,WR,T,F,h,M,Y,7a,M,,B,M,M,M,2,3a,3b,3c,4,5,6,7a,7a,
,,SBS,mc,2,,AV,T,V,s,M,N,3b,,,,,,,2b,3a,3a,3a,3b,3b,3b,3b,3b,
,,SBS,mc,2,,BB,W,P,b,O,N,3b,,,,,,,2,2,3a,3a,3b,3b,3b,3b,3b,
,,SBS,mc,2,,BL,T,,,M,Y,7a,C,,,C,C,C,2,3a,3a,3b,4,5,6,7a,7a,
,,SBS,mc,2,,BR,T,,,U,N,3b,,,,,,,2,2,3a,3a,3b,3b,3b,3b,3b,
,,SBS,mc,2,,CF,T,X,a,U,N,2b,,,,,,,2b,2b,2b,2b,2b,2b,2b,2b,2b,
,,SBS,mc,2,,CL,T,R,c,N,N,1,,,,,,,1,1,1,1,1,1,1,1,1,
,,SBS,mc,2,,DF,T,T,,M,Y,7a,C,,,C,C,C,2,3a,3b,3c,4,5,6,7a,7a,
,,SBS,mc,2,,DL,T,T,,M,Y,7a,C,,,C,C,C,2,3a,3b,3c,4,5,6,7a,7a,
,,SBS,mc,2,,GP,T,X,a,N,N,1,,,,,,,1,1,1,1,1,1,1,1,1,
,,SBS,mc,2,,LL,O,,,N,N,,,,,,,,,,,,,,,,,
,,SBS,mc,2,,LP,T,T,,M,Y,7a,C,,,C,C,C,2,3a,3b,3c,4,5,6,7a,7a,
,,SBS,mc,2,,LS,O,,,N,N,,,,,,,,,,,,,,,,,
,,SBS,mc,2,,ME,T,G,m,M,N,2a,,,,,,,2a,2a,2a,2a,2a,2a,2a,2a,2a,
,,SBS,mc,2,,MI,T,X,,U,N,,,,,,,,,,,,,,,,,
,,SBS,mc,2,,MS,T,G,b,M,N,3b,,,,,,,2b,2b,3a,3b,3b,3b,3b,3b,3b,
,,SBS,mc,2,,OW,O,,,N,N,,,,,,,,,,,,,,,,,
,,SBS,mc,2,,RE,O,,,N,N,,,,,,,,,,,,,,,,,
,,SBS,mc,2,,RI,O,,,N,N,,,,,,,,,,,,,,,,,
,,SBS,mc,2,,RO,T,R,o,N,N,1,,,,,,,1,1,1,1,1,1,1,1,1,
,,SBS,mc,2,,SA,T,T,,M,Y,7a,M,,B,B,M,M,2,3a,3b,3c,4,5,6,7a,7a,
,,SBS,mc,2,,SB,T,T,,M,Y,7a,M,,B,B,M,M,2,3a,3b,3c,4,5,6,7a,7a,
,,SBS,mc,2,,SC,T,S,c,M,N,3b,,,,,,,3a,3a,3b,3b,3b,3b,3b,3b,3b,
,,SBS,mc,2,,SD,T,T,,M,Y,7a,C,,,C,C,C,2,3a,3b,3c,4,5,6,7a,7a,
,,SBS,mc,2,,SF,T,T,,M,Y,7a,C,,,C,C,C,2,3a,3b,3c,4,5,6,7a,7a,
,,SBS,mc,2,,SG,T,G,g,M,N,2b,,,,,,,2b,2b,2b,2b,2b,2b,2b,2b,2b,
,,SBS,mc,2,,SK,W,M,s,M,Y,7,C,,,C,C,C,2,3a,3b,3c,4,5,6,7,7,
,,SBS,mc,2,,SL,T,T,,M,Y,7a,C,,,C,C,C,2,3a,3b,3c,4,5,6,7a,7a,
,,SBS,mc,2,,SW,W,M,s,M,N,3b,,,,,,,3a,3a,3b,3b,3b,3b,3b,3b,3b,
,,SBS,mc,2,,TA,T,R,t,N,N,1,,,,,,,1,1,1,1,1,1,1,1,1,
,,SBS,mc,2,,TC,T,X,a,U,N,,,,,,,,,,,,,,,,,
,,SBS,mc,2,,UR,T,X,a,U,N,,,,,,,,,,,,,,,,,
,,SBS,mc,2,,UV,T,,,U,N,1,,,,,,,1,1,1,1,1,1,1,1,1,
,,SBS,mc,2,,WG,T,P,b,O,Y,7,C,,,C,C,C,2,2,3a,3b,4,5,6,7,7,
,,SBS,mc,2,,WL,W,W,,U,N,3a,,,,,,,2b,2b,3a,3a,3a,3a,3a,3a,3a,
,,SBS,mc,2,,WR,T,F,h,M,Y,7a,M,,B,M,M,M,2,3a,3b,3c,4,5,6,7a,7a,
,,SBS,mc,3,,BB,W,P,b,O,N,3b,,,,,,,2,2,3a,3a,3b,3b,3b,3b,3b,
,,SBS,mc,3,,BL,T,,,M,Y,7a,C,,,C,C,C,2,3a,3a,3b,4,5,6,7a,7a,
,,SBS,mc,3,,BR,T,,,U,N,3b,,,,,,,2,2,3a,3a,3b,3b,3b,3b,3b,
,,SBS,mc,3,,CF,T,X,a,U,N,2b,,,,,,,2b,2b,2b,2b,2b,2b,2b,2b,2b,
,,SBS,mc,3,,DF,T,T,,M,Y,7a,C,,,C,C,C,2,3a,3b,3c,4,5,6,7a,7a,
,,SBS,mc,3,,GP,T,X,a,N,N,1,,,,,,,1,1,1,1,1,1,1,1,1,
,,SBS,mc,3,,LL,O,,,N,N,,,,,,,,,,,,,,,,,
,,SBS,mc,3,,LP,T,T,,M,Y,7a,C,,,C,C,C,2,3a,3b,3c,4,5,6,7a,7a,
,,SBS,mc,3,,LS,O,,,N,N,,,,,,,,,,,,,,,,,
,,SBS,mc,3,,MS,T,G,b,M,N,3b,,,,,,,2b,2b,3a,3b,3b,3b,3b,3b,3b,
,,SBS,mc,3,,OW,O,,,N,N,,,,,,,,,,,,,,,,,
,,SBS,mc,3,,RI,O,,,N,N,,,,,,,,,,,,,,,,,
,,SBS,mc,3,,SA,T,T,,M,Y,7a,M,,B,B,M,M,2,3a,3b,3c,4,5,6,7a,7a,
,,SBS,mc,3,,SC,T,S,c,M,N,3b,,,,,,,3a,3a,3b,3b,3b,3b,3b,3b,3b,
,,SBS,mc,3,,SD,T,T,,M,Y,7a,C,,,C,C,C,2,3a,3b,3c,4,5,6,7a,7a,
,,SBS,mc,3,,SF,T,T,,M,Y,7a,C,,,C,C,C,2,3a,3b,3c,4,5,6,7a,7a,
,,SBS,mc,3,,SK,W,M,s,M,Y,7,C,,,C,C,C,2,3a,3b,3c,4,5,6,7,7,
,,SBS,mc,3,,SL,T,T,,M,Y,7a,C,,,C,C,C,2,3a,3b,3c,4,5,6,7a,7a,
,,SBS,mc,3,,SW,W,M,s,M,N,3b,,,,,,,3a,3a,3b,3b,3b,3b,3b,3b,3b,
,,SBS,mc,3,,TA,T,R,t,N,N,1,,,,,,,1,1,1,1,1,1,1,1,1,
,,SBS,mc,3,,TC,T,X,a,U,N,,,,,,,,,,,,,,,,,
,,SBS,mc,3,,UR,T,X,a,U,N,,,,,,,,,,,,,,,,,
,,SBS,mc,3,,UV,T,,,U,N,1,,,,,,,1,1,1,1,1,1,1,1,1,
,,SBS,mc,3,,WG,T,P,b,O,Y,7,C,,,C,C,C,2,2,3a,3b,4,5,6,7,7,
,,SBS,mc,3,,WL,W,W,,U,N,3a,,,,,,,2b,2b,3a,3a,3a,3a,3a,3a,3a,
,,SBS,mc,3,,WR,T,F,h,M,Y,7a,M,,B,M,M,M,2,3a,3b,3c,4,5,6,7a,7a,
,,SBS,un,,,AV,T,V,s,M,N,3b,,,,,,,2b,3a,3a,3a,3b,3b,3b,3b,3b,
,,SBS,un,,,BB,W,W,b,O,N,3b,,,,,,,2,2,3a,3a,3b,3b,3b,3b,3b,
,,SBS,un,,,BG,W,W,b,O,N,3a,,,,,,,2,2,3a,3a,3a,3a,3a,3a,3a,
,,SBS,un,,,BP,T,T,,M,Y,7a,C,,,C,C,C,2,3a,3b,3c,4,5,6,7a,7a,
,,SBS,un,,,CL,T,R,c,N,N,1,,,,,,,1,1,1,1,1,1,1,1,1,
,,SBS,un,,,CS,T,T,,M,Y,7a,C,,,C,C,C,2,3a,3b,3c,4,5,6,7a,7a,
,,SBS,un,,,FE,W,W,f,O,N,2b,,,,,,,2b,2b,2b,2b,2b,2b,2b,2b,2b,
,,SBS,un,,,GB,T,F,a,N,N,1a,,,,,,,1a,1a,1a,1a,1a,1a,1a,1a,1a,
,,SBS,un,,,GL,T,,,N,N,,,,,,,,,,,,,,,,,
,,SBS,un,,,GP,T,X,a,N,N,1,,,,,,,1,1,1,1,1,1,1,1,1,
,,SBS,un,,,LL,O,,,N,N,,,,,,,,,,,,,,,,,
,,SBS,un,,,LS,O,,,N,N,,,,,,,,,,,,,,,,,
,,SBS,un,,,ME,T,G,m,M,N,2a,,,,,,,2a,2a,2a,2a,2a,2a,2a,2a,2a,
,,SBS,un,,,MI,T,X,,U,N,,,,,,,,,,,,,,,,,
,,SBS,un,,,MR,W,W,m,M,N,2b,,,,,,,2b,2b,2b,2b,2b,2b,2b,2b,2b,
,,SBS,un,,,MS,T,G,b,M,N,3b,,,,,,,2b,2b,3a,3b,3b,3b,3b,3b,3b,
,,SBS,un,,,OW,O,,,N,N,,,,,,,,,,,,,,,,,
,,SBS,un,,,RE,O,,,N,N,,,,,,,,,,,,,,,,,
,,SBS,un,,,RI,O,,,N,N,,,,,,,,,,,,,,,,,
,,SBS,un,,,RM,T,X,,U,N,3,,,,,,,2,2,3,3,3,3,3,3,3,
,,SBS,un,,,RO,T,R,o,N,N,1,,,,,,,1,1,1,1,1,1,1,1,1,
,,SBS,un,,,SA,T,T,,M,Y,7a,M,,B,B,M,M,2,3a,3b,3c,4,5,6,7a,7a,
,,SBS,un,,,SC,T,S,c,M,N,3b,,,,,,,3a,3a,3b,3b,3b,3b,3b,3b,3b,
,,SBS,un,,,SF,T,T,,M,Y,7a,C,,,C,C,C,2,3a,3b,3c,4,5,6,7a,7a,
,,SBS,un,,,SH,W,W,f,O,N,3a,,,,,,,2,2,3a,3a,3a,3a,3a,3a,3a,
,,SBS,un,,,SK,W,M,s,M,Y,7,C,,,C,C,C,2,3a,3b,3c,4,5,6,7,7,
,,SBS,un,,,SL,T,T,,M,Y,7a,C,,,C,C,C,2,3a,3b,3c,4,5,6,7a,7a,
,,SBS,un,,,SM,T,A,m,M,N,2a,,,,,,,2a,2a,2a,2a,2a,2a,2a,2a,2a,
,,SBS,un,,,SU,T,G,b,M,N,3a,,,,,,,2b,2b,3a,3a,3a,3a,3a,3a,3a,
,,SBS,un,,,SW,W,M,s,M,N,3b,,,,,,,3a,3a,3b,3b,3b,3b,3b,3b,3b,
,,SBS,un,,,TA,T,R,t,N,N,1,,,,,,,1,1,1,1,1,1,1,1,1,
,,SBS,un,,,TC,T,X,a,U,N,,,,,,,,,,,,,,,,,
,,SBS,un,,,TR,T,X,,U,N,3b,,,,,,,2b,3a,3a,3b,3b,3b,3b,3b,3b,
,,SBS,un,,,UV,T,,,U,N,1,,,,,,,1,1,1,1,1,1,1,1,1,
,,SBS,un,,,UV,T,,,U,N,1,,,,,,,1,1,1,1,1,1,1,1,1,
,,SBS,un,,,WG,T,P,b,O,Y,7,C,,,C,C,C,2,2,3a,3b,4,5,6,7,7,
,,SBS,un,,,WL,W,W,,U,N,3a,,,,,,,2b,2b,3a,3a,3a,3a,3a,3a,3a,
,,SBS,un,,,WR,T,F,h,M,Y,7a,M,,B,M,M,M,2,3a,3b,3c,4,5,6,7a,7a,
,,SBS,wk,3,,AV,T,V,s,M,N,3b,,,,,,,2b,3a,3a,3a,3b,3b,3b,3b,3b,
,,SBS,wk,3,,BB,W,P,b,O,N,3b,,,,,,,2,2,3a,3a,3b,3b,3b,3b,3b,
,,SBS,wk,3,,BL,T,,,M,Y,7a,C,,,C,C,C,2,3a,3a,3b,4,5,6,7a,7a,
,,SBS,wk,3,,BR,T,,,U,N,3b,,,,,,,2,2,3a,3a,3b,3b,3b,3b,3b,
,,SBS,wk,3,,DF,T,T,,M,Y,7a,C,,,C,C,C,2,3a,3b,3c,4,5,6,7a,7a,
,,SBS,wk,3,,FE,W,W,f,O,N,2b,,,,,,,2b,2b,2b,2b,2b,2b,2b,2b,2b,
,,SBS,wk,3,,GP,T,X,a,N,N,1,,,,,,,1,1,1,1,1,1,1,1,1,
,,SBS,wk,3,,LL,O,,,N,N,,,,,,,,,,,,,,,,,
,,SBS,wk,3,,LP,T,T,,M,Y,7a,C,,,C,C,C,2,3a,3b,3c,4,5,6,7a,7a,
,,SBS,wk,3,,LS,O,,,N,N,,,,,,,,,,,,,,,,,
,,SBS,wk,3,,OW,O,,,N,N,,,,,,,,,,,,,,,,,
,,SBS,wk,3,,RI,O,,,N,N,,,,,,,,,,,,,,,,,
,,SBS,wk,3,,RO,T,R,o,N,N,1,,,,,,,1,1,1,1,1,1,1,1,1,
,,SBS,wk,3,,SA,T,T,,M,Y,7a,M,,B,B,M,M,2,3a,3b,3c,4,5,6,7a,7a,
,,SBS,wk,3,,SC,T,S,c,M,N,3b,,,,,,,3a,3a,3b,3b,3b,3b,3b,3b,3b,
,,SBS,wk,3,,SF,T,T,,M,Y,7a,C,,,C,C,C,2,3a,3b,3c,4,5,6,7a,7a,
,,SBS,wk,3,,SK,W,M,s,M,Y,7,C,,,C,C,C,2,3a,3b,3c,4,5,6,7,7,
,,SBS,wk,3,,SL,T,T,,M,Y,7a,C,,,C,C,C,2,3a,3b,3c,4,5,6,7a,7a,
,,SBS,wk,3,,SW,W,M,s,M,N,3b,,,,,,,3a,3a,3b,3b,3b,3b,3b,3b,3b,
,,SBS,wk,3,,TC,T,X,a,U,N,,,,,,,,,,,,,,,,,
,,SBS,wk,3,,UV,T,,,U,N,1,,,,,,,1,1,1,1,1,1,1,1,1,
,,SBS,wk,3,,WG,T,P,b,O,Y,7,C,,,C,C,C,2,2,3a,3b,4,5,6,7,7,
,,SBS,wk,3,,WL,W,W,,U,N,3a,,,,,,,2b,2b,3a,3a,3a,3a,3a,3a,3a,
,,SBS,wk,3,,WR,T,F,h,M,Y,7a,M,,B,M,M,M,2,3a,3b,3c,4,5,6,7a,7a,
,,SBS,wk,3,a,LS,O,,,N,N,,,,,,,,,,,,,,,,,
,,SBS,wk,3,a,OW,O,,,N,N,,,,,,,,,,,,,,,,,
,,SBS,wk,3,a,SA,T,T,,M,Y,7a,M,,B,B,M,M,2,3a,3b,3c,4,5,6,7a,7a,
,,SBS,wk,3,a,SD,T,T,,M,Y,7a,C,,,C,C,C,2,3a,3b,3c,4,5,6,7a,7a,
,,SBS,wk,3,a,SF,T,T,,M,Y,7a,C,,,C,C,C,2,3a,3b,3c,4,5,6,7a,7a,
,,SBS,wk,3,a,SL,T,T,,M,Y,7a,C,,,C,C,C,2,3a,3b,3c,4,5,6,7a,7a,
,,SBS,wk,3,a,WG,T,P,b,O,Y,7,C,,,C,C,C,2,2,3a,3b,4,5,6,7,7,
,,SWB,mk,,,AV,T,V,s,M,N,3b,,,,,,,2b,3a,3a,3a,3b,3b,3b,3b,3b,
,,SWB,mk,,,BB,W,W,b,O,N,3b,,,,,,,2,2,3a,3a,3b,3b,3b,3b,3b,
,,SWB,mk,,,BG,W,W,b,O,N,3a,,,,,,,2,2,3a,3a,3a,3a,3a,3a,3a,
,,SWB,mk,,,BK,T,S,k,M,N,3b,,,,,,,2,2,3a,3a,3b,3b,3b,3b,3b,
,,SWB,mk,,,BP,T,T,,M,Y,7a,C,,,C,C,C,2,3a,3b,3c,4,5,6,7a,7a,
,,SWB,mk,,,CF,T,X,,U,N,2b,,,,,,,2b,2b,2b,2b,2b,2b,2b,2b,2b,
,,SWB,mk,,,CL,T,R,c,N,N,1,,,,,,,1,1,1,1,1,1,1,1,1,
,,SWB,mk,,,FB,T,T,,M,Y,7,C,,,C,C,C,2,2,3a,3b,4,5,6,7,7,
,,SWB,mk,,,FE,W,W,f,O,N,2b,,,,,,,2b,2b,2b,2b,2b,2b,2b,2b,2b,
,,SWB,mk,,,GB,T,F,a,N,N,1a,,,,,,,1a,1a,1a,1a,1a,1a,1a,1a,1a,
,,SWB,mk,,,GL,T,,,N,N,,,,,,,,,,,,,,,,,
,,SWB,mk,,,GP,T,X,a,N,N,1,,,,,,,1,1,1,1,1,1,1,1,1,
,,SWB,mk,,,LL,O,,,N,N,,,,,,,,,,,,,,,,,
,,SWB,mk,,,LS,O,,,N,N,,,,,,,,,,,,,,,,,
,,SWB,mk,,,MI,T,X,,U,N,,,,,,,,,,,,,,,,,
,,SWB,mk,,,MR,W,W,m,M,N,2b,,,,,,,2b,2b,2b,2b,2b,2b,2b,2b,2b,
,,SWB,mk,,,OW,O,,,N,N,,,,,,,,,,,,,,,,,
,,SWB,mk,,,PR,T,F,h,M,Y,7a,M,,B,M,M,M,2,3a,3b,3c,4,5,6,7a,7a,
,,SWB,mk,,,RE,O,,,N,N,,,,,,,,,,,,,,,,,
,,SWB,mk,,,RI,O,,,N,N,,,,,,,,,,,,,,,,,
,,SWB,mk,,,RM,T,X,,U,N,3,,,,,,,2,2,3,3,3,3,3,3,3,
,,SWB,mk,,,RO,T,R,o,N,N,1,,,,,,,1,1,1,1,1,1,1,1,1,
,,SWB,mk,,,SA,T,T,,M,Y,7a,M,,B,B,M,M,2,3a,3b,3c,4,5,6,7a,7a,
,,SWB,mk,,,SC,T,S,c,M,N,3b,,,,,,,3a,3a,3b,3b,3b,3b,3b,3b,3b,
,,SWB,mk,,,SG,T,G,b,M,N,2b,,,,,,,2b,2b,2b,2b,2b,2b,2b,2b,2b,
,,SWB,mk,,,SH,W,W,f,O,N,3a,,,,,,,2,2,3a,3a,3a,3a,3a,3a,3a,
,,SWB,mk,,,SM,T,A,m,M,N,2a,,,,,,,2a,2a,2a,2a,2a,2a,2a,2a,2a,
,,SWB,mk,,,SU,T,G,b,M,N,3a,,,,,,,2b,2b,3a,3a,3a,3a,3a,3a,3a,
,,SWB,mk,,,SW,W,M,s,M,N,3b,,,,,,,3a,3a,3b,3b,3b,3b,3b,3b,3b,
,,SWB,mk,,,TA,T,R,t,N,N,1,,,,,,,1,1,1,1,1,1,1,1,1,
,,SWB,mk,,,TB,T,,,M,Y,6,M,B,B,B,M,M,2b,3a,3a,3b,4,5,6,6,6,
,,SWB,mk,,,TC,T,X,,U,N,,,,,,,,,,,,,,,,,
,,SWB,mk,,,TR,T,X,,U,N,3b,,,,,,,2b,3a,3a,3b,3b,3b,3b,3b,3b,
,,SWB,mk,,,UR,T,X,,U,N,,,,,,,,,,,,,,,,,
,,SWB,mk,,,UV,T,,,U,N,1,,,,,,,1,1,1,1,1,1,1,1,1,
,,SWB,mk,,,WL,W,W,,U,N,3a,,,,,,,2b,2b,3a,3a,3a,3a,3a,3a,3a,
,,SWB,mks,,,AV,T,V,s,M,N,3b,,,,,,,2b,3a,3a,3a,3b,3b,3b,3b,3b,
,,SWB,mks,,,BB,W,W,b,O,N,3b,,,,,,,2,2,3a,3a,3b,3b,3b,3b,3b,
,,SWB,mks,,,BG,W,W,b,O,N,3a,,,,,,,2,2,3a,3a,3a,3a,3a,3a,3a,
,,SWB,mks,,,BK,T,S,k,M,N,3b,,,,,,,2,2,3a,3a,3b,3b,3b,3b,3b,
,,SWB,mks,,,CF,T,X,,U,N,2b,,,,,,,2b,2b,2b,2b,2b,2b,2b,2b,2b,
,,SWB,mks,,,CL,T,R,c,N,N,1,,,,,,,1,1,1,1,1,1,1,1,1,
,,SWB,mks,,,FB,T,T,,M,Y,7,C,,,C,C,C,2,2,3a,3b,4,5,6,7,7,
,,SWB,mks,,,FE,W,W,f,O,N,2b,,,,,,,2b,2b,2b,2b,2b,2b,2b,2b,2b,
,,SWB,mks,,,GB,T,F,a,N,N,1a,,,,,,,1a,1a,1a,1a,1a,1a,1a,1a,1a,
,,SWB,mks,,,GL,T,,,N,N,,,,,,,,,,,,,,,,,
,,SWB,mks,,,GP,T,X,a,N,N,1,,,,,,,1,1,1,1,1,1,1,1,1,
,,SWB,mks,,,LL,O,,,N,N,,,,,,,,,,,,,,,,,
,,SWB,mks,,,LS,O,,,N,N,,,,,,,,,,,,,,,,,
,,SWB,mks,,,MI,T,X,,U,N,,,,,,,,,,,,,,,,,
,,SWB,mks,,,MR,W,W,m,M,N,2b,,,,,,,2b,2b,2b,2b,2b,2b,2b,2b,2b,
,,SWB,mks,,,OW,O,,,N,N,,,,,,,,,,,,,,,,,
,,SWB,mks,,,PR,T,F,h,M,Y,7a,M,,B,M,M,M,2,3a,3b,3c,4,5,6,7a,7a,
,,SWB,mks,,,RE,O,,,N,N,,,,,,,,,,,,,,,,,
,,SWB,mks,,,RI,O,,,N,N,,,,,,,,,,,,,,,,,
,,SWB,mks,,,RM,T,X,,U,N,3,,,,,,,2,2,3,3,3,3,3,3,3,
,,SWB,mks,,,RO,T,R,o,N,N,1,,,,,,,1,1,1,1,1,1,1,1,1,
,,SWB,mks,,,SA,T,T,,M,Y,7a,M,,B,B,M,M,2,3a,3b,3c,4,5,6,7a,7a,
,,SWB,mks,,,SC,T,S,c,M,N,3b,,,,,,,3a,3a,3b,3b,3b,3b,3b,3b,3b,
,,SWB,mks,,,SG,T,G,b,M,N,2b,,,,,,,2b,2b,2b,2b,2b,2b,2b,2b,2b,
,,SWB,mks,,,SH,W,W,f,O,N,3a,,,,,,,2,2,3a,3a,3a,3a,3a,3a,3a,
,,SWB,mks,,,SM,T,A,m,M,N,2a,,,,,,,2a,2a,2a,2a,2a,2a,2a,2a,2a,
,,SWB,mks,,,SU,T,G,b,M,N,3a,,,,,,,2b,2b,3a,3a,3a,3a,3a,3a,3a,
,,SWB,mks,,,SW,W,M,s,M,N,3b,,,,,,,3a,3a,3b,3b,3b,3b,3b,3b,3b,
,,SWB,mks,,,TA,T,R,t,N,N,1,,,,,,,1,1,1,1,1,1,1,1,1,
,,SWB,mks,,,TB,T,,,M,Y,6,M,B,B,B,M,M,2b,3a,3a,3b,4,5,6,6,6,
,,SWB,mks,,,TC,T,X,,U,N,,,,,,,,,,,,,,,,,
,,SWB,mks,,,TR,T,X,,U,N,3b,,,,,,,2b,3a,3a,3b,3b,3b,3b,3b,3b,
,,SWB,mks,,,UR,T,X,,U,N,,,,,,,,,,,,,,,,,
,,SWB,mks,,,UV,T,,,U,N,1,,,,,,,1,1,1,1,1,1,1,1,1,
,,SWB,mks,,,WL,W,W,,U,N,3a,,,,,,,2b,2b,3a,3a,3a,3a,3a,3a,3a,
,,SWB,mks,,,WP,T,T,,U,Y,7,C,,,C,C,C,2,2,3a,3b,4,5,6,7,7,
,,CWH,vh,2,,BG,W,W,b,O,N,3a,,,,,,,2,2,3a,3a,3a,3a,3a,3a,3a,
,,CWH,vh,2,,RS,W,W,s,O,N,7,C,,,C,C,C,2,2,3a,3b,4,5,6,7,7,
,,CWH,vm,2,,CR,T,F,h,M,Y,7a,M,,,M,M,M,2,3a,3b,3c,4,5,6,7a,7a,
,,CWH,vm,1,,YM,T,T,,M,Y,7a,C,,,C,C,C,2,3a,3b,3c,4,5,6,7a,7a,
,,MH,whp,,,YB,W,P,b,O,Y,7,C,,,C,C,C,2,2,3a,3b,4,5,6,7,7,
,,CWH,vm,1,,BG,W,W,b,O,N,3a,,,,,,,2,2,3a,3a,3a,3a,3a,3a,3a,
,,MH,wh,1,,BG,W,W,b,O,N,3a,,,,,,,2,2,3a,3a,3a,3a,3a,3a,3a,
,,SBS,dw,2,,LP,T,T,,M,Y,7a,C,,,C,C,C,2,3a,3b,3c,4,5,6,7a,7a,
,,SBS,wk,3,a,LP,T,T,,M,Y,7a,C,,,C,C,C,2,3a,3b,3c,4,5,6,7a,7a,
,,SBPS,mk,,,MS,T,G,b,M,N,3b,,,,,,,2b,2b,3a,3b,3b,3b,3b,3b,3b,
,,SBS,dk,,,MS,T,G,b,M,N,3b,,,,,,,2b,2b,3a,3b,3b,3b,3b,3b,3b,
,,SBPS,dc,,,WL,W,W,,U,N,3a,,,,,,,2b,2b,3a,3a,3a,3a,3a,3a,3a,
,,MH,mmp,,,YB,W,P,b,O,Y,7,C,,,C,C,C,2,2,3a,3b,4,5,6,7,7,
,,MH,whp,,,YS,W,W,s,O,Y,7,C,,,C,C,C,2,2,3a,3b,4,5,6,7,7,
,,SBPS,mk,,,BS,T,G,g,M,N,2b,,,,,,,2b,2b,2b,2b,2b,2b,2b,2b,2b,
